MAPID,MAP,Str,å ´æ‰€ID,åœ°å,å®¤å†…å¤–,ãƒ—ãƒ­ãƒ³ãƒ—ãƒˆ,ãƒã‚¬ãƒ†ã‚£ãƒ–,å‚™è€ƒ
0,MAPç¥ç¤¾,1,1,é³¥å±…,,Str6001ã¾ã§è¦ã‚‰ãªã„,,
0,MAPç¥ç¤¾,2,2,å¢ƒå†…,,,,
0,MAPç¥ç¤¾,3,3,è³½éŠ­ç®±,,,,
0,MAPç¥ç¤¾,4,4,æœ¬æ®¿,,,,
0,MAPç¥ç¤¾,5,5,æ‰‹æ°´èˆ,,,,
0,MAPç¥ç¤¾,6,6,ç‰©ç½®,,,,
0,MAPç¥ç¤¾,7,7,åœŸé–“,,,,
0,MAPç¥ç¤¾,8,8,å°æ‰€,,,,
0,MAPç¥ç¤¾,9,9,å±…é–“,,,,
0,MAPç¥ç¤¾,10,10,ç¸å´,,,,
0,MAPç¥ç¤¾,11,11,åº­ï¼ˆè¨“ç·´å¯èƒ½ï¼‰,,,,
0,MAPç¥ç¤¾,12,12,è„±è¡£æ‰€,,,,
0,MAPç¥ç¤¾,13,13,é¢¨å‘‚,,,,
0,MAPç¥ç¤¾,14,14,ãƒˆã‚¤ãƒ¬,,,,
0,MAPç¥ç¤¾,15,15,éœŠå¤¢ç§å®¤,,,,
0,MAPç¥ç¤¾,16,16,ãƒœãƒ­å°å±‹,,,,
0,MAPç¥ç¤¾,17,17,å°ã•ã„ç´æˆ¸,,,,
0,MAPç¥ç¤¾,18,18,æŠ¼å…¥ã‚Œ,,,,
0,MAPç¥ç¤¾,19,19,å¤§ãã„ç´æˆ¸,,,,
0,MAPç¥ç¤¾,20,20,æœ¬æ®¿ã®è£,,,,
0,MAPç¥ç¤¾,21,21,å®ˆçŸ¢ç¥ç¤¾åˆ†ç¤¾,,,,
0,MAPç¥ç¤¾,22,22,å‚é“,,,,
,,23,,æ¸©æ³‰ãƒ»è„±è¡£æ‰€,,,,
0,MAPç¥ç¤¾,24,24,æ¸©æ³‰,,,,
0,MAPç¥ç¤¾,25,25,é®å®ˆã®æ£®,,,,
,,26,,ä¸‰å¦–ç²¾ã®å®¶ãƒ»å…¥å£,,,,
,,27,,ä¸‰å¦–ç²¾ã®å®¶ãƒ»åºƒé–“,,,,
,,28,,ä¸‰å¦–ç²¾ã®å®¶ãƒ»éšæ®µ,,,,
,,29,,ä¸‰å¦–ç²¾ã®å®¶ãƒ»ã‚­ãƒƒãƒãƒ³,,,,
,,30,,ä¸‰å¦–ç²¾ã®å®¶ãƒ»é¢¨å‘‚,,,,
,,31,,ä¸‰å¦–ç²¾ã®å®¶ãƒ»äºŒéšå»Šä¸‹,,,,
0,MAPç¥ç¤¾,32,32,ã‚µãƒ‹ãƒ¼ç§å®¤,,,,
0,MAPç¥ç¤¾,33,33,ãƒ«ãƒŠç§å®¤,,,,
0,MAPç¥ç¤¾,34,34,ã‚¹ã‚¿ãƒ¼ç§å®¤,,,,
,,35,,ä¸‰å¦–ç²¾ã®å®¶ãƒ»åœ°ä¸‹å®¤,,,,
0,MAPç¥ç¤¾,36,36,å¤¢å¹»éºè·¡å‰,,,,
,,37,,å¤¢å¹»éºè·¡ãƒ»ä¸€éšé€šè·¯,,,,
,,38,,å¤¢å¹»éºè·¡ãƒ»æ´—é¢æ‰€,,,,
,,39,,å¤¢å¹»éºè·¡ãƒ»æµ´å®¤,,,,
,,40,,å¤¢å¹»éºè·¡ãƒ»ãƒˆã‚¤ãƒ¬,,,,
,,41,,å¤¢å¹»éºè·¡ãƒ»é£Ÿå ‚å…¼è«‡è©±å®¤,,,,
,,42,,å¤¢å¹»éºè·¡ãƒ»èª¿ç†å®¤,,,,
0,MAPç¥ç¤¾,43,43,å¤¢ç¾ç§å®¤,,,,
0,MAPç¥ç¤¾,44,44,ã¡ã‚†ã‚Šç§å®¤,,,,
,,45,,å¤¢å¹»éºè·¡ãƒ»éšæ®µ,,,,
,,46,,å¤¢å¹»éºè·¡ãƒ»äºŒéšé€šè·¯,,,,
,,47,,å¤¢å¹»éºè·¡ãƒ»è‰¦æ©‹,,,,
,,48,,å¤¢å¹»éºè·¡ãƒ»ç¬¬ä¸€è³‡æ–™å®¤,,,,
,,49,,å¤¢å¹»éºè·¡ãƒ»ç ”ç©¶å®¤,,,,
,,50,,å¤¢å¹»éºè·¡ãƒ»ç¬¬äºŒè³‡æ–™å®¤,,,,
,,51,,å¤¢å¹»éºè·¡ãƒ»å€‰åº«,,,,
0,MAPç¥ç¤¾,52,52,é›¢ã‚Œ,,,,
0,MAPç¥ç¤¾,53,53,ç´æˆ¸,,,,
0,MAPç¥ç¤¾,54,54,å°äººã®è™«ã‹ã”,,,,
0,MAPç¥ç¤¾,55,55,å’Œå®¤,,,,
0,MAPç¥ç¤¾,56,56,å‚é“ã®å‘ã“ã†,,,,
,,98,,ãŠæ‹›ãéƒ¨å±‹,indoor,Invitation room,,
,,5000,,åšéº—ç¥ç¤¾,,Hakurei Shrine,,
,,5001,,å‘½è“®å¯º,,Rimenji Temple,,
,,5002,,äººé–“ã®é‡Œ,,Human village,,
,,5003,,åšéº—ç¥ç¤¾,,"outdoor,In the woods,(Japanese Shrine precincts)",,
,,5003,,éœ§ã®æ¹–ï½ç´…é­”é¤¨,,Kirinakan -Kamaikan,,
,,5004,,è¿·ã„ã®ç«¹æ—,,Humeless bamboo forest,,
,,5005,,é­”æ³•ã®æ£®,,Magical forest,,
,,5006,,ä¸‰é€”ã®å·ï½å†¥ç•Œ,,Sanno River -Underworld,,
,,5007,,å¦–æ€ªã®å±± (å±±éº“),,Mountain of Youkai (Foot Foot),,
,,5008,,å¦–æ€ªã®å±± (å±±é ‚),,Mountain of youkai (summit),,
,,5009,,åœ°åº•,,Underground,,
,,5010,,å¤¢ã®ä¸–ç•Œï½æœˆ,,Dream world -moon,,
,,6001,,æ¡œä¸¦æœ¨ã®é³¥å±…,,"torii, countryside, hakurei shrine ",,
,,6002,,ç¥ç¤¾å¢ƒå†…,,"Precincts, countryside, hakurei shrine ,cobblestone",,
,,6003,,ç¥ç¤¾æœ¬å ‚,indoor,Shrine main hall,,
,,6004,,ç¥ç¤¾ç¸å´,,Shrine border,,
,,6005,,å¦–ç²¾ã®å¤§æ¨¹,,Fairy Daiki,,
,,6006,,å¤¢å¹»éºè·¡,indoor,Dread archeological site,,
,,6011,,ãŠåœ°è”µé€šã‚Š,,"stone floor,cobblestone road,Jizo statues lined up",,
,,6011,,å‘½è“®å¯ºå‚é“,,"stone floor,cobblestone road",,
,,6012,,æå‚ã‚ŒæŸ³ã®ä¸‹,,Under the weeping willow,,æŸ³ã®æœ¨ãŒå‡ºã›ãªã„
,,6013,,å‘½è“®å¯ºå¢ƒå†…,,"temple precincts,stone floor,cobblestone,countryside,shrub,stone lantern",,
,,6014,,å‘½è“®å¯ºæ–¹ä¸ˆ,indoor,%å’Œå®¤%,,
,,6015,,å¢“åœ°,,"buddhism, Graveyard, tombstones",,
,,6016,,è–å¾³é“å ´,indoor,Virgin dojo,,
,,6016,,ç¥éœŠå»Ÿåºƒå ´,,"open field,large temple gate,chinese architecture,taoist,stone floor, yellow roof",,
,,6017,,ç¥éœŠå»Ÿé“å ´,indoor,%å’Œå®¤%,,
,,6021,,åºƒå ´,,"Square,countryside, (traditional japanese houses:0.8)",,
,,6022,,å•†å®¶ç”º,,"main street, Taisho period,Showa era,(traditional japanese houses:0.8),houses with white wall",,
,,6023,,å‘‘å±‹å°é“,,"entertainment district, Taisho period,Showa era,(traditional japanese houses:0.8)",,
,,6024,,å¯ºå­å±‹,indoor,%å’Œå®¤%,,
,,6025,,å¤§è¡†æµ´å ´,indoor,"sento,public bathhouse,wooden,steam",,
,,6026,,é€£ã‚Œè¾¼ã¿å®¿,indoor,%å’Œå®¤%,,
,,6027,,é•·å±‹è¡—,,"main street, Taisho period,Showa era,(traditional japanese houses:0.8)",,
,,6028,,å¤§è¡†æµ´å ´,indoor,Public bath,,
,,6029,,åå®¶ã®å±‹æ•·,indoor,The residence of a famous family,,
,,6031,,éœ§ã®æ¹–,,"large lake ,Horizon,foggy landscape,fog",,
,,6032,,æ°·ã®ã‹ã¾ãã‚‰,,"remaining snow,igloo,snow igloo,green grass",,
,,6033,,å»ƒæ´‹é¤¨,indoor,%æ´‹å®¤%,,
,,6034,,æ­£é–€,,"Main gate,fence,In front of the gate,castle gate,red mansion",,
,,6035,,åºƒé–“,indoor,"hall,red floor",,
,,6036,,é£Ÿå ‚,indoor,"dining room,dining table,tablecloth,red floor",,
,,6037,,å¤§å›³æ›¸é¤¨,indoor,"Large library, red floor",,
,,6038,,åœ°ä¸‹å®¤,indoor,"Basement,dark scene",,
,,6041,,ç«¹æ—å…¥ã‚Šå£,,Bamboo forest entrance,,
,,6042,,è¿·ã„ã®å°é“,,"Bamboo forest,A hesitation path",,
,,6043,,æ–œè§’ã®ç«¹æ—,,Bamboo forest at the oblique angle,,
,,6044,,å…ã®æ´ç©´,indoor,"in cave,Rabbit cave",,
,,6045,,æ°¸é äº­,indoor,%å’Œå®¤%,,
,,6046,,ç„¡åã®ä¸˜,,"outdoors,lily of the valley flower field",,
,,6047,,å¤ªé™½ã®ç•‘,,"outdoors,sunflower field",,
,,6048,,æ°¸é äº­å¥¥ãƒé™¢,indoor,%å’Œå®¤%,,
,,6049,,å¤¢å¹»é¤¨,indoor,%æ´‹å®¤%,,
,,6051,,æ£®ã®å…¥ã‚Šå£,,"outdoors,Forest entrance",,
,,6052,,é¦™éœ–å ‚,indoor,"in junk shop,day,antique store , variety store",,
,,6053,,å¤æœ¨ã®å¤§æ¨¹,,"outdoors,Old tree big tree",,
,,6054,,éœ§é›¨é­”æ³•åº—,indoor,"in junk shop,antique store , variety store",,
,,6055,,äººå½¢ã®æ´‹é¤¨,indoor,%æ´‹å®¤%,,
,,6056,,å†æ€ã®é“,,"outdoors,red spider lily flower field",,
,,6057,,ç„¡ç¸å¡š,,"outdoors,red spider lily flower field,Devastated land,Landscape with a frightening atmosphere,rocks","tree,grass",
,,6061,,ä¸­æœ‰ã®é“,,Road in the middle,,
,,6062,,ä¸‰é€”ã®å·,,"Styx, river, in a boat",,
,,6063,,ãƒãƒ¨ãƒ’ã‚¬,indoor,%å’Œå®¤%,,
,,6064,,å½¼å²¸,,"The chair in which King Enma sits is a traditional high-backed armchair, which is designed with a notably elevated backrest. The design of the chair is luxurious, indicative of authority and is adorned with decorations. The seating area is covered with fabric or cushioning, considering comfort for extended periods.,The desk before him is square-shaped and sturdily built, with a broad working surface suitable for spreading out documents and ledgers.",,
,,6065,,ç™½ç‰æ¥¼åº­,,"A traditional Japanese garden, with white gravel spread out and well-maintained shrubs lined up.",,
,,6066,,ç™½ç‰æ¥¼,indoor,%å’Œå®¤%,,
,,6067,,åœ°ç„,,"view of hell ,lava, fire",,
,,6068,,ç•œç”Ÿç•Œ,,"science fiction,  cyberpunk , skyscrapers,neon lights,growing",,
,,6069,,éœŠé•·åœ’,,"future,virtual space, holograms,neon lights,growing",,
,,6071,,éº“ã®æ¨¹æµ·,,in the forest,,
,,6072,,ç„æ­¦ã®æ²¢,,"outdoors,tree,river",,
,,6073,,å¤§è¦èŸ‡ã®æ± ,,Pond in forest,,
,,6074,,æ­£é‚ªã®éš ã‚Œå®¶å‰,,In front of the hideaway,,
,,6075,,ä»™äººã®å±‹æ•·,indoor,%å’Œå®¤%,,
,,6076,,é–“æ¬ æ³‰åœ°ä¸‹ã‚»ãƒ³ã‚¿ãƒ¼,indoor,"Underground Nuclear Fusion Institute,fusion reactor",,
,,6077,,æ£®ã®æ·±å¥¥,,Deep in the forest,,
,,6081,,ä¹å¤©ã®æ»,,"(extreme majestic waterfalls:1.1),cliff",,
,,6082,,çµ¶æ™¯ã®ä¸˜,,Hill of a superb view,,
,,6083,,å±±ã®æ¹–,,Mountain lake,,
,,6084,,å®ˆçŸ¢ç¥ç¤¾å¢ƒå†…,,Moriya Shrine precincts,,
,,6085,,å®ˆçŸ¢ç¥ç¤¾æœ¬æ®¿,,Moriya Shrine main shrine,,
,,6086,,è™¹é¾æ´,indoor,"in the cave, ore mine",,
,,6089,,å¤©ç•Œ,,"Heaven, above the clouds",,
,,6091,,å¹»æƒ³é¢¨ç©´,indoor,"in cave,dark scene",,
,,6092,,åœ°ç„ã®æ·±é“,indoor,"in cave,dark scene",,
,,6093,,æ—§åœ°ç„è¡—é“,indoor,"outdoor,In the streets of Edo,Lots of dimly glowing lanterns","door,bed,sheet,pillow",
,,6094,,æ—§åœ°ç„æ¸©æ³‰,indoor,Former Hell Hot Spring,,
,,6095,,ãƒ©ãƒ–ãƒ›,indoor,"love hotel,hotel room,bed sheet",,
,,6096,,åœ°éœŠæ®¿,indoor,%æ´‹å®¤%,,
,,6097,,ç¼ç†±åœ°ç„è·¡,indoor,"hell, mantle, lava,lava sea",,
,,6101,,æ§å®‰é€šè·¯,indoor,"in the space, stars,(nebula:0.8)",,
,,6105,,æœˆã®éƒ½,,"outdoors,Ancient Chinese capital city streets,night sky,stars,Imperial Palaces of the Ming and Qing Dynasties",,
,,6106,,ç¶¿æœˆäº­,indoor,%å’Œå®¤%,,
,,6107,,ç‰å…ã®è¡—,,"outdoors,Ancient Chinese capital city streets,World Heritage,night sky,stars",,
,,6108,,æ¡ƒæ—~ç ‚æµœ,,"outdoors,peach orchard,fruit garden,fruit tree,(peach:1.1),sand ground,night sky,stars",,
,,6109,,é™ã‹ã®æµ·,,"sea,horizon,sand,stars,night sky","(wave,cloud:1.2),tree,grass",
,,8001,,é³¥å±…,,"torii, countryside, hakurei shrine ",,
,,8002,,å¢ƒå†…,,"Precincts, countryside, hakurei shrine,cobblestone",,
,,8003,,è³½éŠ­ç®±,,"Offering Box,shimenawa,bell,hakurei shrine  ,shrine office ,wooden stairs",,
,,8004,,æœ¬å ‚,indoor,"Main hall, countryside, hakurei shrine ",,
,,8005,,æ‰‹æ°´èˆ,,"Precincts, countryside, hakurei shrine",,
,,8006,,ç‰©ç½®,indoor,%æœ¨é€ ã®å°éƒ¨å±‹%,,
,,8007,,åœŸé–“,,%åœŸé–“%,,
,,8008,,å°æ‰€,indoor,%åœŸé–“ã®å°æ‰€%,,
,,8009,,å±…é–“,indoor,"living room,tatami",modern,
,,8010,,ç¸å´,,"porch,veranda,shouji,wooden floor, countryside","fence,chair,table",
,,8011,,åº­,outdoor,"Japanese garden, countryside, hakurei shrine ",,
,,8012,,è„±è¡£æ‰€,indoor,"Dressing room, hakurei shrine ",window,
,,8013,,é¢¨å‘‚,indoor,%æ˜”ã®é¢¨å‘‚%,ğŸš¿,
,,8014,,ãƒˆã‚¤ãƒ¬,indoor,%æ˜”ã®ãƒˆã‚¤ãƒ¬%,,
,,8015,,éœŠå¤¢ç§å®¤,indoor,%å’Œå®¤%,,
,,8016,,ãƒœãƒ­å°å±‹,indoor,in Ragged hut,,
,,8017,,å°ã•ã„ç´æˆ¸,indoor,%æœ¨é€ ã®å°éƒ¨å±‹%,,
,,8018,,æŠ¼å…¥ã‚Œ,indoor,%æœ¨é€ ã®å°éƒ¨å±‹%,,
,,8019,,å¤§ãã„ç´æˆ¸,indoor,%æœ¨é€ ã®å°éƒ¨å±‹%,,
,,8020,,æœ¬æ®¿ã®è£,,"outdoors,bare soil ground,open area surrounded by forest,(Exterior of old wooden house:0.8),tree",,
,,8021,,å®ˆçŸ¢ç¥ç¤¾åˆ†ç¤¾,,"a small shrine,stone floor,cobblestone road,(stone lantern:0.8),tree",,
,,8022,,å‚é“,,"very long stone stairs ,steep stairs,cobblestone, forest",,
,,8023,,æ¸©æ³‰ãƒ»è„±è¡£æ‰€,,Hot spring / dressing room,,
,,8024,,æ¸©æ³‰,,"hot spring,open-air bath,rocks,hot water,steam,foggy,tree",,
,,8025,,é®å®ˆã®æ£®,,Guardian forest,,
,,8026,,ä¸‰å¦–ç²¾ã®å®¶ãƒ»å…¥å£,indoor,"natural wodden house, simple interior, hall",,
,,8027,,ä¸‰å¦–ç²¾ã®å®¶ãƒ»åºƒé–“,indoor,"natural wodden house, simple interior, hall",,
,,8028,,ä¸‰å¦–ç²¾ã®å®¶ãƒ»éšæ®µ,indoor,"natural wodden house, simple interior, Stairs",,
,,8029,,ä¸‰å¦–ç²¾ã®å®¶ãƒ»å°æ‰€,indoor,"natural wodden house, simple interior, Kitchen",,
,,8030,,ä¸‰å¦–ç²¾ã®å®¶ãƒ»é¢¨å‘‚,indoor,"natural wodden house, simple interior, bath",,
,,8031,,ä¸‰å¦–ç²¾ã®å®¶ãƒ»äºŒéšå»Šä¸‹,indoor,"natural wodden house, simple interior, corridor",,
,,8032,,ã‚µãƒ‹ãƒ¼ç§å®¤,indoor,girl's room,,
,,8033,,ãƒ«ãƒŠç§å®¤,indoor,girl's room,,
,,8034,,ã‚¹ã‚¿ãƒ¼ç§å®¤,indoor,girl's room,,
,,8035,,ä¸‰å¦–ç²¾ã®å®¶ãƒ»åœ°ä¸‹å®¤,indoor,"natural wodden house, simple interior, basement",,
,,8036,,å¤¢å¹»éºè·¡å‰,,"Mysterious futuristic architecture ,ufo,in forest",,
,,8037,,å¤¢å¹»éºè·¡ãƒ»ä¸€éšé€šè·¯,indoor,Inside a science fiction-like spaceship,,ã€ŒSFã®ã‚ˆã†ãªå®‡å®™èˆ¹ã®å†…è£…ã€
,,8038,,å¤¢å¹»éºè·¡ãƒ»æ´—é¢æ‰€,indoor,"Inside a science fiction-like spaceship,washroom",,
,,8039,,å¤¢å¹»éºè·¡ãƒ»æµ´å®¤,indoor,"Inside a science fiction-like spaceship,bath",,
,,8040,,å¤¢å¹»éºè·¡ãƒ»ãƒˆã‚¤ãƒ¬,indoor,"Inside a science fiction-like spaceship,toilet",,
,,8041,,å¤¢å¹»éºè·¡ãƒ»é£Ÿå ‚å…¼è«‡è©±å®¤,indoor,"Inside a science fiction-like spaceship, Cafeteria and Lounge Room",,
,,8042,,å¤¢å¹»éºè·¡ãƒ»èª¿ç†å®¤,indoor,"Inside a science fiction-like spaceship, Cooking Room",,
,,8043,,å¤¢ç¾ç§å®¤,indoor,%æ´‹å®¤%,,
,,8044,,ã¡ã‚†ã‚Šç§å®¤,indoor,%æ´‹å®¤%,,
,,8045,,å¤¢å¹»éºè·¡ãƒ»éšæ®µ,indoor,"Inside a science fiction-like spaceship, Stairs",,
,,8046,,å¤¢å¹»éºè·¡ãƒ»äºŒéšé€šè·¯,indoor,"Inside a science fiction-like spaceship, Passage",,
,,8047,,å¤¢å¹»éºè·¡ãƒ»è‰¦æ©‹,indoor,"Inside a science fiction-like spaceship, Bridge",,
,,8048,,å¤¢å¹»éºè·¡ãƒ»ç¬¬ä¸€è³‡æ–™å®¤,indoor,"Inside a science fiction-like spaceship, Documents Room",,
,,8049,,å¤¢å¹»éºè·¡ãƒ»ç ”ç©¶å®¤,indoor,"Inside a science fiction-like spaceship,Laboratory",,
,,8050,,å¤¢å¹»éºè·¡ãƒ»ç¬¬äºŒè³‡æ–™å®¤,indoor,"Inside a science fiction-like spaceship,Archives",,
,,8051,,å¤¢å¹»éºè·¡ãƒ»å€‰åº«,indoor,"Inside a science fiction-like spaceship, Warehouse",,
,,8052,,é›¢ã‚Œ,indoor,%æœ¨é€ ã®å°éƒ¨å±‹%,,
,,8053,,ç´æˆ¸,indoor,%æœ¨é€ ã®å°éƒ¨å±‹%,,
,,8054,,å°äººã®è™«ã‹ã”,indoor,Mominus bug basket,,
,,8055,,å’Œå®¤,indoor,%å’Œå®¤%,,
,,8056,,ã‚ã†ã‚“ã®æ£²å®¶,,in bush,,
1,MAPå¯º,8101,101,å±±é–€,,the main gate of a Buddhist temple,,
1,MAPå¯º,8102,102,å¢ƒå†…,,"temple precincts,stone floor,cobblestone,countryside,shrub,stone lantern",,
1,MAPå¯º,8103,103,æœ¬å ‚,indoor,%å’Œå®¤%,,
1,MAPå¯º,8104,104,è¬›å ‚,indoor,%å’Œå®¤%,,
1,MAPå¯º,8105,105,çµŒè”µ,indoor,"The scripture repository, adorned with oriental-style carved wooden shelves, holds ancient Buddhist scrolls and texts, reflecting a tranquil and historical ambiance",,
1,MAPå¯º,8106,106,è£åº­,,"temple precincts,countryside,shrub,stone lantern",,
1,MAPå¯º,8107,107,åœŸé–“,indoor,%åœŸé–“%,,
1,MAPå¯º,8108,108,å±…é–“,indoor,"tatami,living room",,
1,MAPå¯º,8109,109,å¥³è‹‘ç§å®¤,indoor,%å’Œå®¤%,,
1,MAPå¯º,8110,110,ç¸å´,,"porch,veranda,shouji,wooden floor, countryside","fence,chair,table",
1,MAPå¯º,8111,111,å°æ‰€,indoor,%åœŸé–“ã®å°æ‰€%,,
1,MAPå¯º,8112,112,é¢¨å‘‚,indoor,%æ˜”ã®é¢¨å‘‚%,,
1,MAPå¯º,8113,113,ãƒŠã‚ºãƒ¼ãƒªãƒ³ç§å®¤,indoor,%å’Œå®¤%,,
1,MAPå¯º,8114,114,ãƒ ãƒ©ã‚µç§å®¤,indoor,%å’Œå®¤%,,
1,MAPå¯º,8115,115,æ˜Ÿç§å®¤,indoor,%å’Œå®¤%,,
1,MAPå¯º,8116,116,ä¸€è¼ªç§å®¤,indoor,%å’Œå®¤%,,
1,MAPå¯º,8117,117,ã¬ãˆç§å®¤,indoor,%å’Œå®¤%,,
1,MAPå¯º,8118,118,ç™½è“®ç§å®¤,indoor,%å’Œå®¤%,,
1,MAPå¯º,8119,119,é›¢ã‚Œ,indoor,%å’Œå®¤%,,
1,MAPå¯º,8120,120,ç‰©ç½®,indoor,%æœ¨é€ ã®å°éƒ¨å±‹%,,
1,MAPå¯º,8121,121,å¢“åœ°,,Graveyard,,
1,MAPå¯º,8122,122,é˜æ¥¼,,"Buddhist bell, hanging bell in temple",,
1,MAPå¯º,8123,123,éœŠå»Ÿå¤§é–€,,"open field,large temple gate,chinese architecture,taoist,stone floor, yellow roof",,
1,MAPå¯º,8124,124,éœŠå»Ÿåºƒå ´,,"open field,large temple gate,chinese architecture,taoist,stone floor, yellow roof",,
1,MAPå¯º,8125,125,å± è‡ªå¤ç§å®¤,indoor,%å’Œå®¤%,,
1,MAPå¯º,8126,126,é“å ´,indoor,%å’Œå®¤%,,
1,MAPå¯º,8127,127,å¸ƒéƒ½ç§å®¤,indoor,%å’Œå®¤%,,
1,MAPå¯º,8128,128,ç¥å­ç§å®¤,indoor,%å’Œå®¤%,,
1,MAPå¯º,8129,129,å®¢é–“,indoor,%å’Œå®¤%,,
1,MAPå¯º,8130,130,å»Šä¸‹,indoor,"wooden floor,corridor,shouji",,
1,MAPå¯º,8131,131,æ¯å±±æ°´,,"A serene Zen garden, meticulously raked with white gravel symbolizing a tranquil sea. Amidst this sea, several large, irregularly shaped rocks emerge like islands, surrounded by small patches of vibrant green moss. The garden is enclosed by a low, unobtrusive fence, and the background is sparse, emphasizing a natural, minimalist landscape.",,ã ã‚ã§ã—ãŸ
1,MAPå¯º,8132,132,èª¿è–¬å®¤,indoor,%å’Œå®¤%,,
1,MAPå¯º,8133,133,æ¹¯æ®¿,indoor,%æ˜”ã®é¢¨å‘‚%,,
1,MAPå¯º,8134,134,è”µ,indoor,%æœ¨é€ ã®å°éƒ¨å±‹%,,
1,MAPå¯º,8135,135,å»Šä¸‹,indoor,"wooden floor,corridor,shouji",,
1,MAPå¯º,8136,136,éŸ¿å­ç§å®¤,indoor,%å’Œå®¤%,,
1,MAPå¯º,8137,137,ãƒãƒŸã‚¾ã‚¦ã®æ£²å®¶,indoor,%å’Œå®¤%,,
1,MAPå¯º,8138,138,é˜æ¥¼,indoor,"Buddhist bell, hanging bell in temple",,
1,MAPå¯º,8139,139,é‚ªä»™æ¥¼,indoor,%å’Œå®¤%,,
1,MAPå¯º,8140,140,ãŠåœ°è”µé€šã‚Š,,"stone floor,cobblestone road,Jizo statues lined up",,
2,2,8201,201,äººé‡Œã®é–€,,Gates of the village,,
2,2,8202,202,ä¸­å¤®åºƒå ´,,"Central square, Taisho period,Showa era ,cobblestone",one-point perspective,
2,2,8203,203,å—é€šã‚Š,,"main street, Taisho period,Showa era,(traditional japanese houses:0.8)",,
2,2,8204,204,æ±é€šã‚Š,,"main street, Taisho period,Showa era,(traditional japanese houses:0.8)",,
2,2,8205,205,åŒ—é€šã‚Š,,"main street, Taisho period,Showa era,(traditional japanese houses:0.8)",,
2,2,8206,206,è¥¿é€šã‚Š,,"main street, Taisho period,Showa era,(traditional japanese houses:0.8)",,
2,2,8207,207,é¾ç¥åƒ,,Ryujin statue,,
2,2,8208,208,é›·é¼“ã®éƒ¨å±‹,indoor,%å’Œå®¤%,,
2,2,8209,209,å…«æ©‹ã®éƒ¨å±‹,indoor,%å’Œå®¤%,,
2,2,8210,210,å¼ã€…ã®éƒ¨å±‹,indoor,%å’Œå®¤%,,
2,2,8211,211,é…’å±‹,indoor,in Liquor store,,
2,2,8212,212,ã‚«ãƒ•ã‚§,indoor,in Cafe,,
2,2,8213,213,éˆ´å¥ˆåºµ,indoor,"in book store,wooden counter,wooden floor",,
2,2,8214,214,é•·å±‹å‰,,"main street, Taisho period,Showa era,(traditional japanese houses:0.8)",,
2,2,8215,215,èŠ±å±‹,indoor,Florist,,
2,2,8216,216,é£Ÿæ–™å“åº—,indoor,grocery store,,
2,2,8217,217,ç”˜å‘³æ‰€,indoor,"in Japanese cafe,Japanese sweets' parlor",,
2,2,8218,218,å°æ–™ç†å±‹,indoor,in Small restaurant,,
2,2,8219,219,é›†ä¼šæ‰€,indoor,%å’Œå®¤%,,
2,2,8220,220,ç‰©è¦‹æ«“,,"Overhead view of the town,Central square,Taisho period,Showa era,(traditional japanese houses:0.8)",,
2,2,8221,221,ç¨—ç”°é‚¸,indoor,%å’Œå®¤%,,
2,2,8222,222,å¯ºå­å±‹,indoor,%å’Œå®¤%,,
2,2,8223,223,éŠ­æ¹¯,indoor,japanese Public bath,,
2,2,8224,224,æ…§éŸ³å®…,indoor,%å’Œå®¤%,,
2,2,8225,225,é€£ã‚Œè¾¼ã¿å®¿,indoor,%å’Œå®¤%,,
2,2,8226,226,å°éˆ´ç§å®¤,indoor,%å’Œå®¤%,,
2,2,8227,227,å…«ç™¾å±‹,indoor,Greengrocer,,
2,2,8228,228,è²¸åˆ‡æµ´å ´,indoor,Private bath,,
2,2,8229,229,é˜¿æ±‚ç§å®¤,indoor,%å’Œå®¤%,,
2,2,8230,230,ç©ºãéƒ¨å±‹,indoor,%å’Œå®¤%,,
2,2,8231,231,è›®å¥‡ã®éƒ¨å±‹,indoor,%å’Œå®¤%,,
2,2,8232,232,è“®å­ã®éƒ¨å±‹,indoor,%å’Œå®¤%,,
2,2,8233,233,ãƒ¡ãƒªãƒ¼ã®éƒ¨å±‹,indoor,%å’Œå®¤%,,
2,2,8234,234,ãƒ¦ã‚­ã®éƒ¨å±‹,indoor,%å’Œå®¤%,,
2,2,8235,235,ãƒã‚¤ã®éƒ¨å±‹,indoor,%å’Œå®¤%,,
2,2,8236,236,å…±åŒä¾¿æ‰€,indoor,"public restroom,toilet stall, urinal,doors",,
2,2,8237,237,å…±åŒäº•æˆ¸,,"old well,,water well,circularly stacked stones,hand-operated pump",,
2,2,8238,238,é¯¢å‘‘äº­,indoor,"tavern, wooden counter",,
2,2,8239,239,ç¾å®µã®éƒ¨å±‹,indoor,%å’Œå®¤%,,
2,2,8241,241,ç©ºãéƒ¨å±‹,indoor,%å’Œå®¤%,,
2,2,8280,280,è­¦å¯Ÿç½²,indoor,Police station,,
2,2,8281,281,å°å…å§«ç§å®¤,indoor,%å’Œå®¤%,,
3,MAPæ¹–,8301,301,æ­£é–€,,"Main gate,fence,In front of the gate,castle gate,red mansion",,
3,MAPæ¹–,8302,302,åº­,,garden,,
3,MAPæ¹–,8303,303,å®ˆè¡›å°å±‹,indoor,in Guide hut,,
3,MAPæ¹–,8304,304,ç©ºãå°å±‹,indoor,%æœ¨é€ ã®å°éƒ¨å±‹%,,
3,MAPæ¹–,8305,305,ç´å±‹,indoor,%æœ¨é€ ã®å°éƒ¨å±‹%,,
3,MAPæ¹–,8306,306,è£åº­,,backyard,,
3,MAPæ¹–,8307,307,æ±ãƒ†ãƒ©ã‚¹,,Terrace of mansion,,
3,MAPæ¹–,8308,308,è¥¿ãƒ†ãƒ©ã‚¹,,Terrace of mansion,,
3,MAPæ¹–,8309,309,åºƒé–“,indoor,"hall,red floor",,
3,MAPæ¹–,8310,310,å›³æ›¸é¤¨,indoor,"Large library, red floor",,
3,MAPæ¹–,8311,311,ãƒ‘ãƒãƒ¥ãƒªãƒ¼ç§å®¤,indoor,%æ´‹å®¤%,,
3,MAPæ¹–,8312,312,å°æ‚ªé­”ç§å®¤,indoor,%æ´‹å®¤%,,
3,MAPæ¹–,8313,313,å¨æˆ¿,indoor,"commercial kitchen, antique kitchen",,
3,MAPæ¹–,8314,314,é£Ÿå ‚,indoor,"dining room,dining table,tablecloth,red floor",,
3,MAPæ¹–,8315,315,å¿œæ¥é–“,indoor,"parlor,sofa,red floor",,
3,MAPæ¹–,8316,316,ä¸€éšãƒˆã‚¤ãƒ¬,indoor,toilet,,
,,8317,,å¤§éšæ®µ,indoor,"Large stairs,red carpet",,
,,8318,,åœ°ä¸‹éšæ®µ,indoor,Underground stairs,,
3,MAPæ¹–,8319,319,äºŒéšå»Šä¸‹,indoor,"corridor,red floor",,
3,MAPæ¹–,8320,320,å’²å¤œç§å®¤,indoor,%æ´‹å®¤%,,
3,MAPæ¹–,8321,321,ç©ºãéƒ¨å±‹,indoor,%æ´‹å®¤%,,
3,MAPæ¹–,8322,322,äºŒéšãƒˆã‚¤ãƒ¬,indoor,toilet,,
3,MAPæ¹–,8323,323,ãƒ¡ã‚¤ãƒ‰å¦–ç²¾è©°ã‚æ‰€,indoor,%æ´‹å®¤%,,
3,MAPæ¹–,8324,324,å¤§ãƒãƒ«ã‚³ãƒ‹ãƒ¼,,Large balcony of mansion,,
,,8325,,ä¸‰éšéšæ®µ,indoor,"Large stairs,red carpet",,
3,MAPæ¹–,8326,326,ãƒ¬ãƒŸãƒªã‚¢ç§å®¤,indoor,%æ´‹å®¤%,,
3,MAPæ¹–,8327,327,å°ãƒãƒ«ã‚³ãƒ‹ãƒ¼,,balcony of mansion,,
3,MAPæ¹–,8328,328,åœ°ä¸‹å»Šä¸‹,indoor,Underground corridor,(window:1.1),
3,MAPæ¹–,8329,329,å€‰åº«,indoor,Warehouse,(window:1.1),
3,MAPæ¹–,8330,330,ä½¿ç”¨äººéƒ¨å±‹,indoor,"bedroom,stone wall,Ceiling light","(window,curtain:2)",
3,MAPæ¹–,8331,331,åœ°ä¸‹å®¤,indoor,Basement,(window:1.1),
3,MAPæ¹–,8332,332,è„±è¡£æ‰€,indoor,sink room,(window:1.1),
3,MAPæ¹–,8333,333,å¤§æµ´å ´,indoor,Public bath,(window:1.1),
,,8334,,å»ƒæ´‹é¤¨ãƒ»å…¥ã‚Šå£,indoor,"abandoned mansion, Entrance",,
,,8335,,å»ƒæ´‹é¤¨ãƒ»åºƒé–“,indoor,"abandoned mansion, in hall",,
,,8336,,å»ƒæ´‹é¤¨ãƒ»éšæ®µ,indoor,"abandoned mansion, Stairs",,
,,8337,,å»ƒæ´‹é¤¨ãƒ»ã‚­ãƒƒãƒãƒ³,indoor,"abandoned mansion, Kitchen",,
,,8338,,å»ƒæ´‹é¤¨ãƒ»é¢¨å‘‚,indoor,"abandoned mansion, Bath",,
,,8339,,å»ƒæ´‹é¤¨ãƒ»äºŒéšå»Šä¸‹,indoor,"abandoned mansion, corridor",,
3,MAPæ¹–,8340,340,ãƒ«ãƒŠã‚µç§å®¤,indoor,girl's room,,
3,MAPæ¹–,8341,341,ãƒ¡ãƒ«ãƒ©ãƒ³ç§å®¤,indoor,girl's room,,
3,MAPæ¹–,8342,342,ãƒªãƒªã‚«ç§å®¤,indoor,girl's room,,
3,MAPæ¹–,8343,343,æ¹–ç•”,,Lake shores,,
3,MAPæ¹–,8344,344,ãƒ¬ãƒ†ã‚£ã®ã‹ã¾ãã‚‰,indoor,"remaining snow,igloo,snow igloo",,
3,MAPæ¹–,8345,345,ãƒãƒ«ãƒã®ã‹ã¾ãã‚‰,indoor,"remaining snow,igloo,snow igloo",,
3,MAPæ¹–,8346,346,å¤§å¦–ç²¾å®…,indoor,girl's room,,
3,MAPæ¹–,8347,347,éœ§ã®æ¹–,,"large lake ,Horizon,foggy landscape,fog",,
,,8348,,éœ§ã®æ¹–ãƒ»æ¹–åº•,indoor,underwater,,
4,MAPç«¹æ—,8401,401,æ°¸é äº­å…¥å£,,Eiyo -tei entrance,,
,,8402,,æ°¸é äº­ç„é–¢,indoor,Ei Tou -tei entrance,,
4,MAPç«¹æ—,8403,403,å¾…åˆå®¤,indoor,waiting room,,
4,MAPç«¹æ—,8404,404,è¨ºå¯Ÿå®¤,indoor,Examination room,,
4,MAPç«¹æ—,8405,405,èª¿å‰¤å®¤,indoor,Dispensing room,,
4,MAPç«¹æ—,8406,406,æ¥å®¢ç”¨ãƒˆã‚¤ãƒ¬,indoor,Customer toilet,,
4,MAPç«¹æ—,8407,407,å»Šä¸‹,indoor,"corridor,wooden floor,japanese architecture",,
4,MAPç«¹æ—,8408,408,ä¸­å»Šä¸‹,indoor,"corridor,wooden floor,japanese architecture",,
4,MAPç«¹æ—,8409,409,ç¸å´,,"porch,veranda,shouji,wooden floor, countryside,bamboo","fence,chair,table",
4,MAPç«¹æ—,8410,410,ã¦ã‚ç§å®¤,indoor,%å’Œå®¤%,,
4,MAPç«¹æ—,8411,411,éˆ´ä»™ç§å®¤,indoor,%å’Œå®¤%,,
4,MAPç«¹æ—,8412,412,ç©ºãéƒ¨å±‹,indoor,%æœ¨é€ ã®å°éƒ¨å±‹%,,
4,MAPç«¹æ—,8413,413,æ°¸ç³ç§å®¤,indoor,%å’Œå®¤%,,
4,MAPç«¹æ—,8414,414,è¼å¤œç§å®¤,indoor,%å’Œå®¤%,,
4,MAPç«¹æ—,8415,415,åºƒé–“,indoor,%å’Œå®¤%,,
4,MAPç«¹æ—,8416,416,å±…é–“,indoor,%å’Œå®¤%,,
4,MAPç«¹æ—,8417,417,å°æ‰€,indoor,%åœŸé–“ã®å°æ‰€%,,
4,MAPç«¹æ—,8418,418,å ,indoor,Japanese-style toilet,,
4,MAPç«¹æ—,8419,419,è„±è¡£æ‰€,indoor,%æ´—é¢è„±è¡£å®¤%,,
4,MAPç«¹æ—,8420,420,é¢¨å‘‚,indoor,%æ˜”ã®é¢¨å‘‚%,,
4,MAPç«¹æ—,8421,421,åº­,,"Japanese garden, countryside, bamboo",,
4,MAPç«¹æ—,8422,422,è£åº­,,"Japanese garden, countryside, bamboo",,
,,8423,,ç´æˆ¸,indoor,"Storage room,wooden floor,japanese architecture",,
4,MAPç«¹æ—,8424,424,ç‰©ç½®,indoor,"Storeroom,wooden floor,japanese architecture",,
,,8425,,äºŒéšéšæ®µ,indoor,"stairs,wooden floor,japanese architecture",,
4,MAPç«¹æ—,8426,426,äºŒéšå»Šä¸‹,indoor,"corridor,wooden floor,japanese architecture",,
4,MAPç«¹æ—,8427,427,å€‰åº«,indoor,"Storeroom,wooden floor,japanese architecture",,
4,MAPç«¹æ—,8428,428,äºŒéšç©ºãéƒ¨å±‹,indoor,%å’Œå®¤%,,
,,8429,,åœ°ä¸‹éšæ®µ,indoor,"Underground stairs,japanese architecture",,
4,MAPç«¹æ—,8430,430,åœ°ä¸‹å®¤,indoor,"Basement,japanese architecture",(window:1.1),
4,MAPç«¹æ—,8431,431,å…ã®æ´ç©´,indoor,In Rabbit cave,,
4,MAPç«¹æ—,8432,432,å½±ç‹¼ã®å®¶,indoor,%å’Œå®¤%,,
4,MAPç«¹æ—,8433,433,æ–œè§’ã®ç«¹æ—,,Bamboo forest at the oblique angle,,
4,MAPç«¹æ—,8434,434,è¿·ã„ã®å°é“,,"Bamboo forest,A hesitation path",,
4,MAPç«¹æ—,8435,435,äº•æˆ¸,,"old well,water well,circularly stacked stones,wooden bucket,in bamboo forest",,
4,MAPç«¹æ—,8436,436,ç„¡åã®ä¸˜,,"outdoors,lily of the valley flower field",,å­£ç¯€ã¯ãšã‚Œã®ã¨ãã¯ã©ã†ã™ã‚‹ã‹
4,MAPç«¹æ—,8437,437,ãƒ¡ãƒ‡ã‚£ã‚¹ãƒ³ã®å®¶,indoor,girl's room,,
4,MAPç«¹æ—,8438,438,å¤ªé™½ã®ç•‘,,"outdoor,In the sunflower field,(((sunflower)))","door,bed,sheet,pillow",å­£ç¯€ã¯ãšã‚Œã®ã¨ãã¯ã©ã†ã™ã‚‹ã‹
4,MAPç«¹æ—,8439,439,ãƒ©ãƒ«ãƒã®å®¶,indoor,"in cave, furniture made of wood and leaves",,
4,MAPç«¹æ—,8440,440,å»ƒå±‹,indoor,in Abandoned japanese house,,
4,MAPç«¹æ—,8441,441,æ¸©æ³‰,,"hot spring,open-air bath,rocks,hot water,steam,foggy,bamboo",,
4,MAPç«¹æ—,8442,442,ç©ºãå°å±‹,indoor,%æœ¨é€ ã®å°éƒ¨å±‹%,,
4,MAPç«¹æ—,8443,443,ãƒŸã‚¹ãƒ†ã‚£ã‚¢ã®å®¶,indoor,%å’Œå®¤%,,
4,MAPç«¹æ—,8444,444,å¤œé›€ã®å±‹å°,,food stall in bamboo forest,,
4,MAPç«¹æ—,8445,445,å¦¹ç´…ã®å®¶,indoor,%å’Œå®¤%,,
4,MAPç«¹æ—,8446,446,ç¥ ,,a small shrine in bamboo forest,,
4,MAPç«¹æ—,8447,447,ç«¹æ—å…¥å£,,Bamboo forest entrance,,
,,8448,,ç«¹æ—ã®å¤–,,Outside of bamboo grove,,
4,MAPç«¹æ—,8450,450,ç„é–¢,indoor,entrance,,
4,MAPç«¹æ—,8451,451,ãã‚‹ã¿ç§å®¤,indoor,girl's room,,
4,MAPç«¹æ—,8452,452,ã‚¨ãƒªãƒ¼ç§å®¤,indoor,girl's room,,
4,MAPç«¹æ—,8453,453,ãƒ€ã‚¤ãƒ‹ãƒ³ã‚°,indoor,dining room with a kitchen,,
4,MAPç«¹æ—,8454,454,ãƒã‚¹,indoor,antique bath,,
4,MAPç«¹æ—,8455,455,ãƒˆã‚¤ãƒ¬,indoor,toilet,,
4,MAPç«¹æ—,8456,456,å€‰åº«,indoor,Warehouse,,
4,MAPç«¹æ—,8457,457,å¤¢æœˆç§å®¤,indoor,private room,,
4,MAPç«¹æ—,8458,458,å»Šä¸‹,indoor,corridor,,
4,MAPç«¹æ—,8459,459,å¹»æœˆç§å®¤,indoor,private room,,
4,MAPç«¹æ—,8460,460,ç©ºãéƒ¨å±‹,indoor,Vacant room,,
4,MAPç«¹æ—,8461,461,ãƒªãƒ“ãƒ³ã‚°,indoor,living room,,
4,MAPç«¹æ—,8462,462,ãƒ†ãƒ©ã‚¹,,terrace,,
4,MAPç«¹æ—,8463,463,å¹½é¦™ç§å®¤,indoor,private room,,
4,MAPç«¹æ—,8464,464,ãƒãƒ«ã‚³ãƒ‹ãƒ¼,,balcony,,
4,MAPç«¹æ—,8465,465,ãƒ›ãƒ¼ãƒ«,indoor,hall,,
4,MAPç«¹æ—,8466,466,åº­,,garden,,
,,8467,,ç«¹æ—ã®å¤–,,Outside of bamboo grove,,
5,MAPæ£®,8501,501,é­”æ³•ã®æ£®å…¥ã‚Šå£,,"outdoors,Forest entrance",,
5,MAPæ£®,8502,502,é¦™éœ–å ‚,indoor,"in junk shop,day,antique store , variety store",,
5,MAPæ£®,8503,503,åˆ†ã‹ã‚Œé“,,in the forest,,
5,MAPæ£®,8506,506,ç„¡ç¸å¡š,,"outdoors,red spider lily flower field,Devastated land,Landscape with a frightening atmosphere,rocks","tree,grass",
5,MAPæ£®,8507,507,ã‚­ãƒã‚³ç¾¤ç”Ÿåœ°,,"Mushroom group,in the forest",,
5,MAPæ£®,8508,508,é­”æ³•ã®åºƒå ´,,in the forest,,
5,MAPæ£®,8509,509,å†æ€ã®é“,,"outdoors,red spider lily flower field",,
5,MAPæ£®,8510,510,éœ§é›¨é­”æ³•åº—,indoor,"in junk shop,antique store , variety store",,
,,8511,,é­”ç†æ²™å®…ãƒ»å±…é–“,indoor,living room,,
,,8512,,é­”ç†æ²™å®…ãƒ»å¯å®¤,indoor,girl's room,,
,,8513,,é­”ç†æ²™å®…ãƒ»ç ”ç©¶éƒ¨å±‹,indoor,Marisa House / Research Room,,
,,8514,,é­”ç†æ²™å®…ãƒ»é¢¨å‘‚,indoor,%æ˜”ã®é¢¨å‘‚%,,
,,8515,,é­”ç†æ²™å®…ãƒ»å€‰åº«,indoor,%æœ¨é€ ã®å°éƒ¨å±‹%,,
5,MAPæ£®,8520,520,äººå½¢ã®é¤¨å‰,,exterior of House of Wizard in forest,,
,,8521,,äººå½¢ã®é¤¨ãƒ»ã‚¢ãƒªã‚¹ã®éƒ¨å±‹,indoor,private room,,
,,8522,,äººå½¢ã®é¤¨ãƒ»ç¥ç¶ºã®éƒ¨å±‹,indoor,private room,,
,,8523,,äººå½¢ã®é¤¨ãƒ»å¤¢å­ã®éƒ¨å±‹,indoor,private room,,
,,8524,,äººå½¢ã®é¤¨ãƒ»ç ”ç©¶å®¤,indoor,Doll House / Laboratory,,
,,8525,,äººå½¢ã®é¤¨ãƒ»ãƒªãƒ“ãƒ³ã‚°,indoor,Doll House / Living room,,
,,8526,,äººå½¢ã®é¤¨ãƒ»é¢¨å‘‚,indoor,%æ˜”ã®é¢¨å‘‚%,,
,,8528,,äººå½¢ã®é¤¨ãƒ»å€‰åº«,indoor,%æœ¨é€ ã®å°éƒ¨å±‹%,,
,,8529,,äººå½¢ã®é¤¨ãƒ»ãƒãƒ«ã‚³ãƒ‹ãƒ¼,,"balcony, in the forest",,
,,8530,,äººå½¢ã®é¤¨ãƒ»äºŒéš,indoor,"The doll's hall, the second floor",,
,,8531,,äººå½¢ã®é¤¨ãƒ»ç©ºãéƒ¨å±‹,indoor,Doll Hall / vacant room,,
5,MAPæ£®,8534,534,ãµã‚ãµã‚ã‚¨ãƒ¬ãƒ³é­”æ³•ã®åº—,indoor,Fluffy Ellen Magical Store,,
,,8535,,ã‚¨ãƒ¬ãƒ³å®…ãƒ»å¯å®¤,indoor,private room,,
,,8536,,ã‚¨ãƒ¬ãƒ³å®…ãƒ»å€‰åº«,indoor,%æœ¨é€ ã®å°éƒ¨å±‹%,,
,,8537,,ã‚¨ãƒ¬ãƒ³å®…ãƒ»é¢¨å‘‚,indoor,%æ˜”ã®é¢¨å‘‚%,,
5,MAPæ£®,8540,540,å¤æœ¨ã®å¤§æ¨¹,,Old tree big tree,,Old tree big treeã¯ç›´è¨³ã ã¨æ€ã†ãŒã€1æœ¬ã®å¤§æœ¨ã‚’å‡ºã™ã“ã‚Œä»¥ä¸Šã®ãƒ—ãƒ­ãƒ³ãƒ—ãƒˆãŒè¦‹ã¤ã‹ã‚‰ãªã„
5,MAPæ£®,8541,541,æœ±é·ºå­ã®æ£²ã¿å‡¦,indoor,%æœ¨é€ ã®å°éƒ¨å±‹%,,
5,MAPæ£®,8542,542,ãƒªã‚°ãƒ«ã®æ£²ã¿å‡¦,indoor,%æœ¨é€ ã®å°éƒ¨å±‹%,,
5,MAPæ£®,8543,543,ãƒ«ãƒ¼ãƒŸã‚¢ã®æ£²ã¿å‡¦,indoor,%æœ¨é€ ã®å°éƒ¨å±‹%,,
5,MAPæ£®,8544,544,æˆç¾ã®å°å±‹,indoor,%å’Œå®¤%,,
5,MAPæ£®,8545,545,æ…§ãƒå­ã®æ£²ã¿å‡¦,indoor,%æœ¨é€ ã®å°éƒ¨å±‹%,,
6,MAPå†¥ç•Œ,8601,601,ä¸­æœ‰ã®é“,,Road in the middle,,
6,MAPå†¥ç•Œ,8602,602,è³½ã®æ²³åŸ,,"water horizon,(lake,apocalypse,bare field,gravel,fine gravel:1.2) ","(tree,grass,green:1.5)",
6,MAPå†¥ç•Œ,8603,603,ç©çŸ³å¡š,,"(vertically stacked stones:1.3),(apocalypse,bare field,gravel,fine gravel:1.2)","(tree,grass,green:1.5)",
6,MAPå†¥ç•Œ,8604,604,å½¼å²¸,,"outdoors,red spider lily flower field","tree,grass",
6,MAPå†¥ç•Œ,8605,605,åœ°ç„,,"view of hell ,lava, fire",,
6,MAPå†¥ç•Œ,8606,606,æ—¥ç‹­ç¾ã®å®¶,indoor,%å’Œå®¤%,,
6,MAPå†¥ç•Œ,8607,607,æ®‹ç„¡ã®å®¶,indoor,%å’Œå®¤%,,
6,MAPå†¥ç•Œ,8608,608,æ½¤ç¾ã®å®¶,indoor,%å’Œå®¤%,,
6,MAPå†¥ç•Œ,8609,609,ç“”èŠ±ã®å®¶,indoor,%å’Œå®¤%,,
6,MAPå†¥ç•Œ,8610,610,æ˜¯éæ›²ç›´åºãƒ›ãƒ¼ãƒ«,indoor,"main hall of chinese temple,Brightly colored and intricately decorated interior",,
6,MAPå†¥ç•Œ,8612,612,æ³•å»·,indoor,"The chair in which King Enma sits is a traditional high-backed armchair, which is designed with a notably elevated backrest. The design of the chair is luxurious, indicative of authority and is adorned with decorations. The seating area is covered with fabric or cushioning, considering comfort for extended periods.,The desk before him is square-shaped and sturdily built, with a broad working surface suitable for spreading out documents and ledgers.",,
6,MAPå†¥ç•Œ,8613,613,æ˜¯éæ›²ç›´åºå»Šä¸‹,indoor,"corridor of chinese temple,Brightly colored and intricately decorated interior",,
6,MAPå†¥ç•Œ,8614,614,æ˜¯éæ›²ç›´åºãƒ©ã‚¦ãƒ³ã‚¸,indoor,"table,lounge of chinese temple,Brightly colored and intricately decorated interior",,
6,MAPå†¥ç•Œ,8615,615,æ˜ å§«ã®éƒ¨å±‹,indoor,%å’Œå®¤%,,
6,MAPå†¥ç•Œ,8616,616,å°ç”ºã®éƒ¨å±‹,indoor,%å’Œå®¤%,,
6,MAPå†¥ç•Œ,8617,617,é¢¨å‘‚,indoor,%æ˜”ã®é¢¨å‘‚%,,
6,MAPå†¥ç•Œ,8618,618,ç©ºãéƒ¨å±‹,indoor,%æœ¨é€ ã®å°éƒ¨å±‹%,,
6,MAPå†¥ç•Œ,8620,620,å†¥ç•Œã®é–€,,main gate of japanese mansion,,æœ±å¡—ã‚ŠãŒè§£é‡ˆé•ã„
6,MAPå†¥ç•Œ,8621,621,åº­,,"A traditional Japanese garden, with white gravel spread out and well-maintained shrubs lined up.",,
6,MAPå†¥ç•Œ,8622,622,å»Šä¸‹,indoor,"corridor,wooden floor,japanese architecture",,
6,MAPå†¥ç•Œ,8623,623,å¹½ã€…å­ç§å®¤,indoor,%å’Œå®¤%,,
6,MAPå†¥ç•Œ,8624,624,å¦–å¤¢ç§å®¤,indoor,%å’Œå®¤%,,
6,MAPå†¥ç•Œ,8625,625,ç©ºå®¤,indoor,%å’Œå®¤%,,
6,MAPå†¥ç•Œ,8626,626,å°æ‰€,indoor,%æ˜”ã®å°æ‰€%,,
6,MAPå†¥ç•Œ,8627,627,é¢¨å‘‚,indoor,%æ˜”ã®é¢¨å‘‚%,,
6,MAPå†¥ç•Œ,8628,628,å±…é–“,indoor,"tatami,living room",,
6,MAPå†¥ç•Œ,8629,629,è¥¿è¡Œå¦–,,Old tree big tree,,
6,MAPå†¥ç•Œ,8630,630,å…«é›²é‚¸ç„é–¢,indoor,Entrance of japanese house,,
6,MAPå†¥ç•Œ,8631,631,å…«é›²é‚¸å»Šä¸‹,indoor,"corridor,wooden floor,japanese architecture",,
6,MAPå†¥ç•Œ,8632,632,å…«é›²é‚¸åº­,,"Japanese garden, countryside",,
6,MAPå†¥ç•Œ,8633,633,ç´«ç§å®¤,indoor,%å’Œå®¤%,,
6,MAPå†¥ç•Œ,8634,634,ç©ºéƒ¨å±‹,indoor,%å’Œå®¤%,,
6,MAPå†¥ç•Œ,8635,635,æ©™ç§å®¤,indoor,%å’Œå®¤%,,
6,MAPå†¥ç•Œ,8636,636,å…«é›²é‚¸é¢¨å‘‚,indoor,%æ˜”ã®é¢¨å‘‚%,,
6,MAPå†¥ç•Œ,8637,637,å…«é›²é‚¸å°æ‰€,indoor,%æ˜”ã®å°æ‰€%,,
6,MAPå†¥ç•Œ,8638,638,è—ç§å®¤,indoor,%å’Œå®¤%,,
6,MAPå†¥ç•Œ,8639,639,å…«é›²é‚¸å±…é–“,indoor,"tatami,living room",,
6,MAPå†¥ç•Œ,8640,640,ç•°ç•Œã®é–¢æ‰€,,"outdoors,red spider lily flower field","tree,grass",
6,MAPå†¥ç•Œ,8641,641,ç•œç”Ÿãƒ¡ãƒˆãƒ­ãƒãƒªã‚¹,,"science fiction,  cyberpunk , skyscrapers,neon lights,growing",,
6,MAPå†¥ç•Œ,8642,642,éœŠé•·åœ’,indoor,"future,virtual space, holograms,neon lights,growing",,
6,MAPå†¥ç•Œ,8643,643,éœŠé•·åœ’ã®é¢¨å‘‚,indoor,Bath of the Lord Garden,,
6,MAPå†¥ç•Œ,8644,644,è¢¿å§«ã®éƒ¨å±‹,indoor,Room of Princess,,
6,MAPå†¥ç•Œ,8645,645,ç£¨å¼“ã®éƒ¨å±‹,indoor,Polished bow room,,
6,MAPå†¥ç•Œ,8646,646,å…«åƒæ…§å®…ã®é¢¨å‘‚,indoor,Yachi Kei's bath,,
6,MAPå†¥ç•Œ,8647,647,å…«åƒæ…§å®…ã®ãƒªãƒ“ãƒ³ã‚°,indoor,Hachiyo House's Living Ring,,
6,MAPå†¥ç•Œ,8648,648,å…«åƒæ…§å®…ã®å¯å®¤,indoor,Yachi Kei's bedroom,,
6,MAPå†¥ç•Œ,8650,650,æ—©é¬¼å®…ã®ãƒªãƒ“ãƒ³ã‚°,indoor,Sayai House Living Ring,,
6,MAPå†¥ç•Œ,8651,651,æ—©é¬¼å®…ã®å¯å®¤,indoor,Sayaki's bedroom,,
6,MAPå†¥ç•Œ,8652,652,æ—©é¬¼å®…ã®é¢¨å‘‚,indoor,Hayaki's bath,,
6,MAPå†¥ç•Œ,8653,653,å°¤é­”å®…ã®ãƒªãƒ“ãƒ³ã‚°,indoor,Living room at the demon house,,
6,MAPå†¥ç•Œ,8654,654,å°¤é­”å®…ã®å¯å®¤,indoor,Skilled house bedroom,,
6,MAPå†¥ç•Œ,8655,655,å°¤é­”å®…ã®é¢¨å‘‚,indoor,Sprinkle bath bath,,
7,MAPå±±éº“,8701,701,æ¨¹æµ·é“å…¥ã‚Šå£,,"tree,forest,mountain trail",,
,,8702,,å±±é“ãƒ»æ²¢ã¸ç¶šãé“,,"tree,forest,mountain trail",,
7,MAPå±±éº“,8703,703,ç„æ­¦ã®æ²¢,,"outdoors,tree,river",,
7,MAPå±±éº“,8704,704,æ²³ç«¥ã®ã‚¢ã‚¸ãƒˆ,indoor,"outdoors,tree,river",,ãƒ†ã‚¯ãƒãƒ­ã‚¸ãƒ¼æ„Ÿã‚ã£ãŸã»ã†ãŒã„ã„ã‚“ã ã‚ã†ã‹ï¼Ÿ
,,8705,,å±±é“ãƒ»ä¸­è…¹,,"tree,forest,mountain trail",,
7,MAPå±±éº“,8706,706,å„ç¥ã®å®¶,indoor,%å’Œå®¤%,,
,,8707,,å±±é“ãƒ»åˆ†å²ç‚¹,,"tree,mountain trail",,
7,MAPå±±éº“,8708,708,å¤§è¦èŸ‡ã®æ± ,,Pond in forest,,
7,MAPå±±éº“,8709,709,ãƒªãƒªãƒ¼ãŸã¡ã®å®¶,indoor,%å’Œå®¤%,,
7,MAPå±±éº“,8710,710,çŒ«ã®é‡Œ,,Cat village,,
7,MAPå±±éº“,8711,711,ä¼‘æ†©æ‰€,indoor,%æœ¨é€ ã®å°éƒ¨å±‹%,,
7,MAPå±±éº“,8712,712,é–“æ¬ æ³‰åœ°ä¸‹ã‚»ãƒ³ã‚¿ãƒ¼,indoor,"Underground Nuclear Fusion Institute,fusion reactor",,
,,8715,,ç§‹å§‰å¦¹ã®å®¶ãƒ»ç•‘,,"vegetable garden,crops,plowed ground,wooden fence",,
,,8716,,ç§‹å§‰å¦¹ã®å®¶ãƒ»åœŸé–“,indoor,%åœŸé–“ã®å°æ‰€%,,
,,8717,,ç§‹å§‰å¦¹ã®å®¶ãƒ»å¯å®¤,indoor,%å’Œå®¤%,,
,,8718,,ç§‹å§‰å¦¹ã®å®¶ãƒ»å±…é–“,indoor,%å’Œå®¤%,,
,,8719,,ç§‹å§‰å¦¹ã®å®¶ãƒ»åº§æ•·,indoor,%å’Œå®¤%,,
,,8720,,ä»™äººã®å±‹æ•·ãƒ»å°æ‰€,indoor,%åœŸé–“ã®å°æ‰€%,,
,,8721,,ä»™äººã®å±‹æ•·ãƒ»é¢¨å‘‚,indoor,%æ˜”ã®é¢¨å‘‚%,,
,,8722,,ä»™äººã®å±‹æ•·ãƒ»é“å ´,indoor,%å’Œå®¤%,,
,,8723,,ä»™äººã®å±‹æ•·ãƒ»äºŒéšå®¢é–“,indoor,%å’Œå®¤%,,
,,8724,,ä»™äººã®å±‹æ•·ãƒ»æ›¸æ–,indoor,%å’Œå®¤%,,
,,8725,,ä»™äººã®å±‹æ•·ãƒ»å¤§é·²ã®éƒ¨å±‹,indoor,%å’Œå®¤%,,
,,8726,,ä»™äººã®å±‹æ•·ãƒ»å±…é–“,indoor,%å’Œå®¤%,,
,,8727,,ä»™äººã®å±‹æ•·ãƒ»è¯æ‰‡ç§å®¤,indoor,%å’Œå®¤%,,
,,8728,,ä»™äººã®å±‹æ•·ãƒ»ç©ºãéƒ¨å±‹,indoor,%å’Œå®¤%,,
,,8729,,ä»™äººã®å±‹æ•·ãƒ»ç„é–¢,indoor,%åœŸé–“%,,
,,8730,,ä»™äººã®å±‹æ•·ãƒ»åº­,,"outdoors,bare soil ground,open area surrounded by forest,(Exterior of old wooden house:0.8),tree",,
7,MAPå±±éº“,8731,731,å¸šæœ¨,,Open area in the forest,,è¿‘ãã§è¦‹ã‚‹ã¨æœ¨ã¯ãªã„ã¨ã„ã†è¨­å®š
7,MAPå±±éº“,8732,732,å±±é ‚ã¸ã®é“,,"mountain trail,trail to the summit, alpine",,
7,MAPå±±éº“,8733,733,æ­£é‚ªã®éš ã‚Œå®¶,indoor,%å’Œå®¤%,,
7,MAPå±±éº“,8734,734,å°å±‹,indoor,%æœ¨é€ ã®å°éƒ¨å±‹%,,
7,MAPå±±éº“,8735,735,æ°´æµ´ã³å ´,,"outdoors,tree,river",,
7,MAPå±±éº“,8736,736,å±±å§¥ã®å®¶,indoor,%å’Œå®¤%,,
7,MAPå±±éº“,8737,737,æ‹›ãçŒ«ã®å®¶,indoor,%å’Œå®¤%,,
7,MAPå±±éº“,8738,738,æ£®ã®æ·±å¥¥,,Deep in the forest,,
7,MAPå±±éº“,8739,739,ç§˜å¤©å´–,,Secret cliff,,
7,MAPå±±éº“,8740,740,å±±ç«¥ã®ã‚¢ã‚¸ãƒˆ,indoor,%å’Œå®¤%,,
7,MAPå±±éº“,8741,741,ç¾å¤©ã®æ£²ã¿å‡¦,indoor,%å’Œå®¤%,,
8,MAPå±±é ‚,8801,801,å±±é ‚å…¥ã‚Šå£,,"mountain trail,trail to the summit, alpine",,
8,MAPå±±é ‚,8802,802,æ©‹,,Bridge over a mountain stream,,
8,MAPå±±é ‚,8803,803,ç´¢é“é§…,,"Cable station,Cable car",,
8,MAPå±±é ‚,8804,804,å®ˆçŸ¢ç¥ç¤¾é³¥å±…,,Moriya Shrine Torii,,
8,MAPå±±é ‚,8805,805,é ‚ä¸Š,,At the summit,,
8,MAPå±±é ‚,8806,806,æ»ã®è£,,"in the cave behind the waterfall,large waterfall",,
8,MAPå±±é ‚,8807,807,æ¤›å®…,indoor,%å’Œå®¤%,,
8,MAPå±±é ‚,8808,808,æ–‡å®…,indoor,%å’Œå®¤%,,
8,MAPå±±é ‚,8809,809,ã¯ãŸã¦å®…,indoor,%å’Œå®¤%,,
8,MAPå±±é ‚,8810,810,å±±å°å±‹,indoor,in Mountain hut,,
8,MAPå±±é ‚,8811,811,å¢ƒå†…,,"Precincts, countryside, hakurei shrine,cobblestone",,
8,MAPå±±é ‚,8812,812,æœ¬æ®¿,indoor,"wooden floor,shouji,(east asian architecture:0.8)",,
8,MAPå±±é ‚,8813,813,ç¤¾å‹™æ‰€,indoor,%æœ¨é€ ã®å°éƒ¨å±‹%,,
8,MAPå±±é ‚,8814,814,æ¹–ç•”,,Lake shores,,
8,MAPå±±é ‚,8815,815,åº­,,"Japanese garden, countryside",,
8,MAPå±±é ‚,8816,816,ç¸å´,,"porch,veranda,shouji,wooden floor,tree","fence,chair,table",
8,MAPå±±é ‚,8817,817,ç¥å¥ˆå­ç§å®¤,indoor,%å’Œå®¤%,,
8,MAPå±±é ‚,8818,818,è«è¨ªå­ç§å®¤,indoor,%å’Œå®¤%,,
8,MAPå±±é ‚,8819,819,å±…é–“,indoor,"tatami,living room",,
8,MAPå±±é ‚,8820,820,æ—©è‹—ç§å®¤,indoor,%å’Œå®¤%,,
8,MAPå±±é ‚,8821,821,åœŸé–“,indoor,%åœŸé–“%,,
8,MAPå±±é ‚,8822,822,å°æ‰€,indoor,"antiqued kitchen, antiqued interior",,
8,MAPå±±é ‚,8823,823,ç©ºå®¤,indoor,%æœ¨é€ ã®å°éƒ¨å±‹%,,
8,MAPå±±é ‚,8824,824,ãƒˆã‚¤ãƒ¬,indoor,toilet,,
8,MAPå±±é ‚,8825,825,é¢¨å‘‚,indoor,bath,,
8,MAPå±±é ‚,8826,826,å»Šä¸‹,indoor,"wooden floor,corridor,shouji",,
8,MAPå±±é ‚,8830,830,ç„é›²æµ·,,"Sea of clouds below,clouds",sea,
8,MAPå±±é ‚,8831,831,æ¯”é‚£åå±…é‚¸å‰,,In front of the japanese mansion,,
8,MAPå±±é ‚,8832,832,æœ‰é ‚å¤©è¡—,,Ethnic town,,
8,MAPå±±é ‚,8833,833,æ¡ƒåœ’,,"Taoyuan,peach orchard,fruit garden,fruit tree,(peach:1.1)",,
8,MAPå±±é ‚,8834,834,æ¯”é‚£åå±…é‚¸åœŸé–“,indoor,%åœŸé–“%,,
8,MAPå±±é ‚,8835,835,æ¯”é‚£åå±…é‚¸å¿œæ¥é–“,indoor,%å’Œå®¤%,,
8,MAPå±±é ‚,8836,836,æ¯”é‚£åå±…é‚¸å¨æˆ¿,indoor,%åœŸé–“ã®å°æ‰€%,,
8,MAPå±±é ‚,8837,837,æ¯”é‚£åå±…é‚¸é¢¨å‘‚,indoor,%æ˜”ã®é¢¨å‘‚%,,
8,MAPå±±é ‚,8838,838,æ¯”é‚£åå±…é‚¸å±…é–“,indoor,%å’Œå®¤%,,
8,MAPå±±é ‚,8839,839,æ¯”é‚£åå±…é‚¸å’Œå®¤,indoor,%å’Œå®¤%,,
8,MAPå±±é ‚,8840,840,å¤©å­ç§å®¤,indoor,%å’Œå®¤%,,
8,MAPå±±é ‚,8841,841,è¡£ç–ç§å®¤,indoor,%å’Œå®¤%,,
8,MAPå±±é ‚,8842,842,æ¯”é‚£åå±…é‚¸ç‰©ç½®,indoor,%æœ¨é€ ã®å°éƒ¨å±‹%,,
8,MAPå±±é ‚,8851,851,ä¹…ä¾˜æ­Œã®å°å±‹,indoor,%å’Œå®¤%,,
8,MAPå±±é ‚,8852,852,é§’è‰ã®å°å±‹,indoor,%å’Œå®¤%,,
8,MAPå±±é ‚,8853,853,é­…é ˆä¸¸ã®å°å±‹,indoor,%å’Œå®¤%,,
8,MAPå±±é ‚,8854,854,é¾å®…,indoor,%å’Œå®¤%,,
8,MAPå±±é ‚,8855,855,è™¹é¾æ´,indoor,"in the cave, ore mine",,
8,MAPå±±é ‚,8856,856,ç™¾ã€…ä¸–ã®ä½å‡¦,indoor,"in the cave, ore mine",,
9,MAPåœ°åº•,8901,901,åœ°éœŠæ®¿å‰,indoor,"In front of mansion,night sky","star,moon",
,,8902,,ã‚¨ãƒ³ãƒˆãƒ©ãƒ³ã‚¹,indoor,entrance,,
,,8903,,å¿œæ¥é–“,indoor,Reception room,,
9,MAPåœ°åº•,8904,904,å¤§åºƒé–“,indoor,Large hall,,
9,MAPåœ°åº•,8905,905,ä¸€éšå»Šä¸‹,indoor,corridor,,
9,MAPåœ°åº•,8906,906,ä¸€éšãƒˆã‚¤ãƒ¬,indoor,toilet,,
,,8907,,è¥¿éšæ®µ,indoor,stairs,,
,,8908,,æ±éšæ®µ,indoor,stairs,,
9,MAPåœ°åº•,8909,909,å¨æˆ¿,indoor,kitchen,,
9,MAPåœ°åº•,8910,910,é£Ÿæ–™åº«,indoor,larder,,
9,MAPåœ°åº•,8911,911,ãŠç©ºç§å®¤,indoor,private room,,
9,MAPåœ°åº•,8912,912,ãŠç‡ç§å®¤,indoor,private room,,
9,MAPåœ°åº•,8913,913,é£Ÿå ‚,indoor,dining room,,
9,MAPåœ°åº•,8914,914,äºŒéšå»Šä¸‹,indoor,corridor,,
9,MAPåœ°åº•,8915,915,ãƒãƒ«ã‚³ãƒ‹ãƒ¼,indoor,balcony,,
9,MAPåœ°åº•,8916,916,ç‰©ç½®,indoor,%æœ¨é€ ã®å°éƒ¨å±‹%,,
9,MAPåœ°åº•,8917,917,äºŒéšãƒˆã‚¤ãƒ¬,indoor,toilet,,
9,MAPåœ°åº•,8918,918,ã“ã„ã—ç§å®¤,indoor,private room,,
9,MAPåœ°åº•,8919,919,ã•ã¨ã‚Šç§å®¤,indoor,private room,,
9,MAPåœ°åº•,8920,920,æ›¸æ–,indoor,reading room,,
9,MAPåœ°åº•,8921,921,é¢¨å‘‚,indoor,bath,,
9,MAPåœ°åº•,8922,922,è„±è¡£æ‰€,indoor,%æ´—é¢è„±è¡£å®¤%,,
9,MAPåœ°åº•,8923,923,è£åº­,indoor,backyard,,
,,8924,,å™´æ°´,indoor,fountain,,
9,MAPåœ°åº•,8925,925,ãƒãƒ©åœ’,indoor,Rose garden,,
9,MAPåœ°åº•,8926,926,ä¸­åº­,indoor,courtyard,,
,,8927,,ç¼ç†±åœ°ç„è·¡å…¥å£,indoor,Scorching hell,,
9,MAPåœ°åº•,8928,928,ç¼ç†±åœ°ç„è·¡,indoor,Scorching hell,,
9,MAPåœ°åº•,8929,929,åœ°ç„ã®äººå·¥å¤ªé™½,indoor,"simple back ground,Background covered with lava all over, like the surface of the sun, backlighting",,
9,MAPåœ°åº•,8930,930,æ—§è¡€ã®æ± åœ°ç„,indoor,Old blood pond hell,horror,ã¨ãã©ããƒ›ãƒ©ãƒ¼ç”»åƒãŒå‡ºã¦ã“ã¾ã‚‹
9,MAPåœ°åº•,8931,931,å¤§é€šã‚Š,indoor,"outdoor,In the streets of Edo,Lots of dimly glowing lanterns,night sky","star,moon",
9,MAPåœ°åº•,8932,932,è£é€šã‚Š,indoor,"outdoor,In the streets of Edo,Lots of dimly glowing lanterns,night sky","star,moon",
9,MAPåœ°åº•,8933,933,é…’å ´,indoor,japanese Bar,,
9,MAPåœ°åº•,8934,934,æ¸©æ³‰,indoor,"sento,public bathhouse,wooden,steam",,
9,MAPåœ°åº•,8935,935,ãƒ©ãƒ–ãƒ›,indoor,in love hotel,,
9,MAPåœ°åº•,8936,936,å‹‡å„€ã®å®¶,indoor,%å’Œå®¤%,,
9,MAPåœ°åº•,8937,937,ç©ºãå±‹,indoor,%å’Œå®¤%,,
9,MAPåœ°åº•,8938,938,é¬¼ã®æºœã¾ã‚Šå ´,indoor,%å’Œå®¤%,,
9,MAPåœ°åº•,8939,939,è·¯åœ°è£,indoor,"outdoor,In the streets of Edo,night sky","star,moon",
9,MAPåœ°åº•,8940,940,ãƒ‘ãƒ«ã‚¹ã‚£ã®å®¶,indoor,%å’Œå®¤%,,
9,MAPåœ°åº•,8941,941,ãƒ¤ãƒãƒ¡ã®å®¶,indoor,%å’Œå®¤%,,
9,MAPåœ°åº•,8942,942,ã‚­ã‚¹ãƒ¡ã®å®¶,indoor,%å’Œå®¤%,,
9,MAPåœ°åº•,8943,943,ã‚ã°ã‚‰å±‹,indoor,%æœ¨é€ ã®å°éƒ¨å±‹%,,
9,MAPåœ°åº•,8944,944,é€šã‚Š,indoor,"outdoor,In the streets of Edo,night sky","star,moon",
9,MAPåœ°åº•,8945,945,å·å²¸,indoor,"Riverbank,outdoor,In the streets of Edo,night sky","star,moon",
9,MAPåœ°åº•,8946,946,æ©‹,indoor,"on wooden bridge,night sky","star,moon",
9,MAPåœ°åº•,8947,947,ã¡ã‚„ã‚Šã®æ£²ã¿å‡¦,indoor,"hell, mantle, lava,lava sea",,
9,MAPåœ°åº•,8948,948,ç¸¦ç©´ã®åº•,indoor,"in dark cave,Vertical hole",,
10,MAPæœˆ,9001,1001,æ§å®‰é€šè·¯,indoor,"in the space, stars,(nebula:0.8)",,
10,MAPæœˆ,9002,1002,æœˆã®éƒ½,indoor,"outdoors,Ancient Chinese capital city streets,night sky,stars","cloud,(moon,full moon:1.3)",
10,MAPæœˆ,9003,1003,ç‰å…è¡—,indoor,"outdoors,Ancient Chinese capital city streets,night sky,stars","cloud,(moon,full moon:1.3)",
10,MAPæœˆ,9004,1004,åºƒå ´,indoor,"outdoors,Ancient Chinese capital city streets,night sky,stars","cloud,(moon,full moon:1.3)",
,,9005,,ã‚µã‚°ãƒ¡å®…ãƒ»å±…é–“,indoor,Sagme house / living room,,
,,9006,,ã‚µã‚°ãƒ¡å®…ãƒ»å¯å®¤,indoor,Sagme house / bedroom,,
10,MAPæœˆ,9007,1007,ç©ºãå®¶,indoor,%å’Œå®¤%,,
10,MAPæœˆ,9008,1008,éˆ´ç‘šå®…,indoor,%å’Œå®¤%,,
10,MAPæœˆ,9009,1009,æ¸…è˜­å®…,indoor,%å’Œå®¤%,,
10,MAPæœˆ,9010,1010,é£Ÿäº‹å‡¦,indoor,restaurant,,
10,MAPæœˆ,9011,1011,ç”˜å‘³å‡¦,indoor,"in Japanese cafe,Japanese sweets' parlor",,
10,MAPæœˆ,9012,1012,é…’å±‹,indoor,Liquor store,,
10,MAPæœˆ,9013,1013,å…«ç™¾å±‹,indoor,Greengrocer,,
10,MAPæœˆ,9014,1014,æ¡ƒæ—,indoor,"outdoors,peach orchard,fruit garden,fruit tree,(peach:1.1),night sky,stars","cloud,(moon,full moon:1.3)",
10,MAPæœˆ,9015,1015,ç ‚æµœ,indoor,"sea,horizon,sand,stars,night sky","cloud,(moon,full moon:1.3)",
10,MAPæœˆ,9016,1016,å…¥ã‚Šæ±Ÿ,indoor,"sea,horizon,sand,stars,night sky","cloud,(moon,full moon:1.3)",
,,9020,,ç¶¿æœˆäº­ãƒ»é–€,indoor,"main gate of japanese mansion,night sky,stars","cloud,(moon,full moon:1.3)",
,,9021,,ç¶¿æœˆäº­ãƒ»ç„é–¢,indoor,"entrance of Japanese mansion, marble floor",,
10,MAPæœˆ,9022,1022,ä¸€éšå›å»Š,indoor,"corridor,wooden floor,japanese architecture",,
10,MAPæœˆ,9023,1023,é–€ç•ªè©°ã‚æ‰€,indoor,%å’Œå®¤%,,
10,MAPæœˆ,9024,1024,ç‰å…é£Ÿå ‚,indoor,japanese dining room,,
10,MAPæœˆ,9025,1025,ç‰å…è©°ã‚æ‰€,indoor,%å’Œå®¤%,,
10,MAPæœˆ,9026,1026,é£Ÿå ‚,indoor,japanese dining room,,
10,MAPæœˆ,9027,1027,å¨æˆ¿,indoor,kitchen,,
10,MAPæœˆ,9028,1028,é£Ÿæ–™åº«,indoor,larder,,
,,9029,,ç¶¿æœˆäº­ãƒ»è„±è¡£æ‰€,indoor,%æ´—é¢è„±è¡£å®¤%,,
,,9030,,ç¶¿æœˆäº­ãƒ»é¢¨å‘‚,indoor,%æ˜”ã®é¢¨å‘‚%,,
10,MAPæœˆ,9031,1031,å®ç‰©åº«,indoor,%å’Œå®¤%,,
10,MAPæœˆ,9032,1032,ãƒ¬ã‚¤ã‚»ãƒ³ç§å®¤,indoor,%å’Œå®¤%,,
,,9033,,ç¶¿æœˆäº­ãƒ»ç©ºãéƒ¨å±‹,indoor,%å’Œå®¤%,,
10,MAPæœˆ,9035,1035,ä¸­åº­,indoor,"Japanese garden, countryside,night sky,stars","cloud,(moon,full moon:1.3)",
10,MAPæœˆ,9036,1036,å››é˜¿,indoor,"under simple arbor,night sky,stars","cloud,(moon,full moon:1.3)",
10,MAPæœˆ,9040,1040,äºŒéšå›å»Š,indoor,"corridor,wooden floor,japanese architecture",,
10,MAPæœˆ,9041,1041,è±Šå§«ç§å®¤,indoor,%å’Œå®¤%,,
10,MAPæœˆ,9042,1042,ä¾å§«ç§å®¤,indoor,%å’Œå®¤%,,
10,MAPæœˆ,9043,1043,æ›¸æ–,indoor,"japanese reading room,bookshelf",,
10,MAPæœˆ,9044,1044,å¿œæ¥é–“,indoor,%å’Œå®¤%,,
,,9050,,ãƒ‰ãƒ¬ãƒŸãƒ¼å®…ãƒ»å±…é–“,indoor,Doremy home / living room,,
,,9051,,ãƒ‰ãƒ¬ãƒŸãƒ¼å®…ãƒ»å¯å®¤,indoor,Doremy home / bedroom,,
,,9052,,ãƒ‰ãƒ¬ãƒŸãƒ¼å®…ãƒ»å€‰åº«,indoor,Doremy home / warehouse,,
,,9053,,ãƒ‰ãƒ¬ãƒŸãƒ¼å®…ãƒ»æ´—é¢æ‰€,indoor,Doremy home / washroom,,
,,9054,,ãƒ‰ãƒ¬ãƒŸãƒ¼å®…ãƒ»é¢¨å‘‚,indoor,Doremy home / bath,,
,,9055,,ãƒ‰ãƒ¬ãƒŸãƒ¼å®…ãƒ»ãƒˆã‚¤ãƒ¬,indoor,Doremy home / toilet,,
,,9060,,ç´”ç‹é‚¸ãƒ»ç„é–¢,indoor,in Entrance of chinese house,,
10,MAPæœˆ,9061,1061,å±…é–“,indoor,"tatami,living room",,
10,MAPæœˆ,9062,1062,å°æ‰€,indoor,kitchen,,
,,9063,,ç´”ç‹é‚¸ãƒ»ç©ºãéƒ¨å±‹,indoor,%å’Œå®¤%,,
10,MAPæœˆ,9064,1064,ã‚¯ãƒ©ã‚¦ãƒ³ãƒ”ãƒ¼ã‚¹ç§å®¤,indoor,girl's room,,
10,MAPæœˆ,9065,1065,ç‰©ç½®,indoor,%æœ¨é€ ã®å°éƒ¨å±‹%,,
,,9066,,ç´”ç‹é‚¸ãƒ»è„±è¡£æ‰€,indoor,%æ´—é¢è„±è¡£å®¤%,,
,,9067,,ç´”ç‹é‚¸ãƒ»é¢¨å‘‚,indoor,bath,,
,,9068,,ç´”ç‹é‚¸ãƒ»ä¸­åº­,indoor,"chinese courtyard,night sky,stars","cloud,(moon,full moon:1.3)",
10,MAPæœˆ,9070,1070,å±‹ä¸Š,indoor,"on rooftop,chinese tile roof,night sky,stars","cloud,(moon,full moon:1.3)",
10,MAPæœˆ,9071,1071,ç´”ç‹ç§å®¤,indoor,%å’Œå®¤%,,
10,MAPæœˆ,9072,1072,ãƒ˜ã‚«ãƒ¼ãƒ†ã‚£ã‚¢ç§å®¤,indoor,private room,,