バリアント,STR,,コマンド名,プロンプト,ネガティブ,解像度,キャラ描画,顔描画,胸描画,ヴァギナ描画,アナル描画,拒否プロンプト,拒否ネガティブ,備考,系統
,0,,愛撫,,,,,,,,,,,povのfingeringが出せない。プロンプト欄が空の場合、上半身だけ映す汎用調教になる(event.csvで記述),愛撫系コマンド
,1,,クンニ,"nsfw,(close-up of girl's crotch:0.9),(pussy),spread legs,naked,botomless","(penis),(self fingering:1.5),(musterbation:1.5),(hand on pussy:1.5)",,1,1,1,1,1,,,無理,愛撫系コマンド
,2,,アナル愛撫,"nsfw,Posture of girl on all fours with buttocks protruding,from behind,((ass focus)),botomless",(penis),,1,1,1,1,1,,,,愛撫系コマンド
,3,,胸愛撫,"nsfw,hetero,breast grab, 1boy, 1girl arms at side,hands,arms,bust shot,nipples,POVBREASTGRAB,POV HANDS,BREAST GRAB,<lora:povBreastGrab_v2:0.8:1:lbw=CT>","male's face,female masturbation,self grabbing",,1,1,1,0,0,,,,愛撫系コマンド
,4,,指挿入れ,,,,1,1,1,0,0,,,,愛撫系コマンド
,5,,フェラする,,,,1,1,1,0,0,,,,愛撫系コマンド
,6,,キスする,"(((kiss pov))),blash,{|open mouth,tongue},half closed eyes,((close up lips)),saliva","(penis,pov crotch,navel:1.4)",%正方形%,1,1,0,0,0,%汎用拒否%,%汎用拒否ネガ%,男のPOV下腹部が出たがる,愛撫系コマンド
,7,,自慰,"nsfw,(cute girl lying pleasuring herself),(woman masturbation),navel,(She teases her vagina with her hand),spread legs",,,1,1,1,1,1,%汎用拒否%,%汎用拒否ネガ%,,愛撫系コマンド
,9,,何もしない,"nsfw,cute girl sitting on floor,nude,relaxing",,,1,1,1,0,0,,,座っているか寝ているか気力体力で分岐したい,愛撫系コマンド
,10,,ローター,"nsfw,nude,lying,motion lines,navel,(trembling effect motion lines:1.0),(vibration:1.0),(motion blur:1.0), (vibrator on Lower abdomen:1.3),from below,pussy","(penis),open pussy",,1,1,1,0,0,,,実際insert率は低め,基本道具使用コマンド
,11,,電気按摩,"nsfw,nude,(sex toys:1.5),upper body ,lying,bust shot,motion lines,navel,Feels good sexually,(trembling effect motion lines:1.2),(vibration:1.2),(motion blur:1.2)",(penis),,1,1,1,0,0,,,下半身はすぐ挿入したがるので写らないように誤魔化す,基本道具使用コマンド
,12,,バイブ,"no panties,lower body focus,spread legs","(penis),open pussy",,1,1,1,1,1,,,,基本道具使用コマンド
,13,,アナルバイブ,"1girl all fours, looking back, no panties, from behind",,,1,1,1,1,1,,,,基本道具使用コマンド
,14,,クリキャップ,,,,1,1,1,0,0,,,,基本道具使用コマンド
,15,,ニプルキャップ,,,,1,1,1,0,0,,,,基本道具使用コマンド
,16,,オナホール,,,,1,1,1,0,0,,,,基本道具使用コマンド
,17,,電極オナホール,,,,1,1,1,0,0,,,,基本道具使用コマンド
,20,,正常位,"nsfw,solo focus,(face),nsfw,(deep penetration missionary:0.8),(lying,spread legs, vaginal sex,missionary:1.1)",,%縦長%,1,1,1,1,0,,,,セックス系コマンド
,21,,後背位,"nsfw,{<lora:povWaistGrabConcept_v09:0.2>,doggyGrab,vaginal sex,from behind,ass,doggystyle,pov|<lora:doggystyleSideView_ekunesidedoggstyle:0.7>,sidedoggystyle, 1boy, ass, doggystyle, sex,all fours,torso grab,penis,vaginal}",,,1,1,1,1,1,,,,セックス系コマンド
,22,,対面座位,"pov,straddling, upright straddle,arm support,nsfw,navel,pussy,cowgirlGrab,pov, cowgirl position, vaginal",,%縦長%,1,1,1,1,0,,,暫定で騎乗位,セックス系コマンド
,23,,背面座位,"vaginal sex, ass,from behind,doggystyle,pov crotch,penis in pussy,breasts, nsfw, hetero, navel, nipples, penis, pussy,  sex",,,1,1,1,1,1,,,暫定で後背位,セックス系コマンド
,24,,騎乗位,"pov,straddling, upright straddle,arm support,nsfw,navel,pussy,cowgirlGrab,pov, cowgirl position, vaginal",,,1,1,1,1,0,%汎用拒否%,%汎用拒否ネガ%,,セックス系コマンド
,25,,逆レイプ,,,,1,1,1,0,0,,,,セックス系コマンド
,26,,助手を犯す,,,,1,1,1,0,0,,,,セックス系コマンド
,27,,対面立位,"(standing sex :1.2),solo focus,(face), (Lower abdomen:1.3),nsfw,(vaginal sex,missionary:1.2),dutch angle,pusy,thigh,",,%縦長%,1,1,1,1,0,,,とりあえず正常位にstanding sexを追加,セックス系コマンド
,28,,背面立位,"(standing sex :1.2),vaginal sex, ass,from behind,doggystyle,penis in pussy,breasts, nsfw, hetero, navel, nipples, penis, pussy,  sex",,,1,1,1,1,1,,,とりえあえず後背位にstanding sexを追加,セックス系コマンド
,30,,正常位アナル,"<lora:missionaryPOVAnal_v10:1:1:lbw=0.6:0,0,0,0,0,0,1,1,0.6,1,0,0,0,0,0,0,0>,missionary POV Anal,lying,pov,nsfw ,anal sex,navel, camel Toe,pussy,missionary anal",,,1,1,1,1,1,,,アナルはLoraでないと難しい,アナルセックス系コマンド
,31,,後背位アナル,"sfw, girl, 1boy, pov,( penis:1.2), ass, from behind, (back:1.1),<lora:povAnalFromBehind_v2:0.5>,from above",,%縦長%,1,1,1,1,1,,,,アナルセックス系コマンド
,32,,対面座位アナル,"<lora:missionaryPOVAnal_v10:1:1:lbw=0.6:0,0,0,0,0,0,1,1,0.6,1,0,0,0,0,0,0,0>,missionary POV Anal,lying,pov,nsfw ,anal sex,navel, camel Toe,pussy,missionary anal",,,1,1,1,1,1,,,暫定で正常位,アナルセックス系コマンド
,33,,背面座位アナル,"sfw, girl, 1boy, pov,( penis:1.2), ass, from behind, (back:1.1),<lora:povAnalFromBehind_v2:0.5>,from above",,,1,1,1,1,1,,,暫定で後背位,アナルセックス系コマンド
,34,,騎乗位アナル,"<lora:missionaryPOVAnal_v10:1:1:lbw=0.6:0,0,0,0,0,0,1,1,0.6,1,0,0,0,0,0,0,0>,missionary POV Anal,lying,pov,nsfw ,anal sex,navel, camel Toe,pussy,missionary anal",,,1,1,1,1,0,%汎用拒否%,%汎用拒否ネガ%,暫定で正常位,アナルセックス系コマンド
,35,,逆アナルレイプ,,,,1,1,1,0,0,,,,アナルセックス系コマンド
,36,,助手のＡを犯す,,,,1,1,1,0,0,,,,アナルセックス系コマンド
,37,,対面立位アナル,,,,1,1,1,1,1,,,,アナルセックス系コマンド
,38,,背面立位アナル,,,,1,1,1,1,1,,,,アナルセックス系コマンド
,40,,手淫,"nsfw,hetero,hand job ,(hand on penis)",multiple penis,,1,1,1,0,0,%汎用拒否%,%汎用拒否ネガ%,,奉仕系コマンド
,41,,フェラチオ,"nsfw,(fellatio,penis) ,pov crotch ,blow job,{|face focus|wide shot},{|side view},{|all fours},{|looking up}",multiple penis,"%縦長%,%正方形%,%横長%",1,1,0,0,0,%汎用拒否%,%汎用拒否ネガ%,,奉仕系コマンド
,42,,パイズリ,"nsfw,1girl, 1boy,titsjob,(paizuri),penis on breasts,nipples,pov,pov crotch ,<lora:realisticTitfuck_titfuckRealisticEpoch:1>,titfuck","multiple nipples,multiple penis,pussy,wide shot",%正方形%,1,1,1,0,0,%汎用拒否%,%汎用拒否ネガ%,,奉仕系コマンド
,43,,素股,"nsfw,botomless,navel,nude,<lora:povImminentPenetration_ipv1:1:1:lbw=CT>,1girl,1boy,  (pov crotch,penis), (imminent penetration:1.3), spread legs.(Cowgirl)","penis in pussy,inseration,(futanari,futa)",,1,1,1,0,0,%汎用拒否%,%汎用拒否ネガ%,騎乗素股が見つかるまで妥協,奉仕系コマンド
,44,,アナル舐め強制,"nsfw,Girl facing sideways,side views,upper body,(nude male,1boy,ass:1.3), (licking anus:1.4),<lora:conceptFemdomFellatio_v10:1:1:lbw=NC>,anilingus,1girl,faceless male","penis,male's face",%正方形%,1,1,1,0,0,%汎用拒否%,%汎用拒否ネガ%,,奉仕系コマンド
,45,,アナルおねだり,"nsfw,A girl grabs her own ass with both hands and thrusts it at me,botomless,pussy,hand,self grabbing ass",,,1,1,1,1,1,%汎用拒否%,%汎用拒否ネガ%,,奉仕系コマンド
,46,,足舐め強制,"1boy and 1girl,naked girl kneels at the man's feet and kisses his feet,all fours,tongue,(licking someone's foot,Five toes:1.4)",,,1,1,1,0,0,%汎用拒否%,%汎用拒否ネガ%,稀に惜しいのが出る,奉仕系コマンド
,47,,足扱き,"(FOOT JOB),1girl,1boy, penis,(FOOTJOB_POSITIONV2:0.5)","vaginal sex,inseration",,1,1,1,0,0,%汎用拒否%,%汎用拒否ネガ%,FOOTJOB_POSITIONV2はTI　タイツが出たり、足だけ違う人っぽくなりがち,奉仕系コマンド
,48,,髪扱き,"nsfw,1girl, 1boy, (hairjob:1.4),(penis on hair:1.3), solo focus, upper body, arms behind back, (grabbing another's hair:1.2), hand on another's head, <lora:hairjob_v10:1>","(2boys,multipul penis),(fellatio)",%正方形%,1,1,1,0,0,%汎用拒否%,%汎用拒否ネガ%,,奉仕系コマンド
,49,,腋扱き,"nsfw, <lora:testarmpitsex2:0.8:1:lbw=CT>,upper body,armpitsex,faceless male's lower body behind girl,(penis)",(multiple penis),,1,1,1,0,0,%汎用拒否%,%汎用拒否ネガ%,,奉仕系コマンド
,50,,全身扱き,,,,1,1,1,0,0,%汎用拒否%,%汎用拒否ネガ%,,奉仕系コマンド
,51,,尻扱き,"nsfw,(all fours,facing away,ass,penis),pov,(from behind),1girl,1boy,<lora:qqq-buttjob-v2:0.8:1:lbw=NC>,buttjob","vaginal sex,inseration",,1,1,1,0,0,%汎用拒否%,%汎用拒否ネガ%,,奉仕系コマンド
,52,,竿扱き,,,,1,1,1,0,0,%汎用拒否%,%汎用拒否ネガ%,,奉仕系コマンド
,53,,玉揉み強制,,,,1,1,1,0,0,%汎用拒否%,%汎用拒否ネガ%,,奉仕系コマンド
,54,,玉舐め強制,,,,1,1,1,0,0,%汎用拒否%,%汎用拒否ネガ%,,奉仕系コマンド
,55,,アナル愛撫強制,,,,1,1,1,0,0,%汎用拒否%,%汎用拒否ネガ%,,奉仕系コマンド
,56,,ナイズリ,"nsfw,(NAIZURI),1girl, 1boy, pov,(penis:1.2), flat chest,looking at viewer, from above,<lora:naizuriConcept_v1:0.8:1:lbw=CT>",,%正方形%,1,1,1,0,0,%汎用拒否%,%汎用拒否ネガ%,,奉仕系コマンド
,60,,ローション,,,,1,1,1,0,0,,,,薬品系コマンド
,61,,媚薬,,,,1,1,1,0,0,,,,薬品系コマンド
,62,,利尿剤,,,,1,1,1,0,0,,,,薬品系コマンド
,63,,座薬,,,,1,1,1,0,0,,,,薬品系コマンド
,64,,座薬(膣),,,,1,1,1,0,0,,,,薬品系コマンド
,65,,賢者の血,,,,1,1,1,0,0,,,,薬品系コマンド
,66,,排卵誘発剤,,,,1,1,1,0,0,,,,薬品系コマンド
,67,,緊急避妊薬,,,,1,1,1,0,0,,,,薬品系コマンド
,68,,産卵促進剤,,,,1,1,1,0,0,,,,薬品系コマンド
,69,,陰核成長剤,,,,1,1,1,0,0,,,,薬品系コマンド
,70,,興奮剤,,,,1,1,1,0,0,,,,薬品系コマンド
,71,,助手避妊薬,,,,1,1,1,0,0,,,,薬品系コマンド
,72,,感覚増幅薬,,,,1,1,1,0,0,,,,薬品系コマンド
,79,,お香を焚く,,,,1,1,1,0,0,,,,薬品系コマンド
,80,,クリトリス注射,,,,1,1,1,0,0,,,,注射系コマンド
,81,,ヴァギナ注射,,,,1,1,1,0,0,,,,注射系コマンド
,82,,アナル注射,,,,1,1,1,0,0,,,,注射系コマンド
,83,,バスト注射,,,,1,1,1,0,0,,,,注射系コマンド
,84,,尿道注射,,,,1,1,1,0,0,,,,注射系コマンド
,85,,Ｃ肥大注射,,,,1,1,1,0,0,,,,注射系コマンド
,86,,Ｃ賢者の血注射,,,,1,1,1,0,0,,,,注射系コマンド
,88,,採血注射,,,,1,1,1,0,0,,,,注射系コマンド
,90,,裸エプロン,"standing,wide shot,from head to toe",,,1,1,1,0,0,,,装備品のつけ外しするときの様子だけ書く。装備自体の描写はEquip.csv,羞恥プレイ系＋α
,91,,スク水プレイ,"standing,wide shot,from head to toe",,,1,1,1,0,0,,,,羞恥プレイ系＋α
,92,,お医者プレイ,,,,1,1,1,0,0,,,,羞恥プレイ系＋α
,93,,コスプレ,"standing,wide shot,from head to toe",,,1,1,1,0,0,,,,羞恥プレイ系＋α
,94,,助手コスプレ,,,,1,1,1,0,0,,,,羞恥プレイ系＋α
,100,,ビデオ撮影,"(FISH-EYE composition:1.3),nude,upper body ,from above,(Recorded girl:1.5),(viewfinder with crosshair and overlay interface ,overlay frame,battery icon,REC text and red circle:1.2),1girl in viewfinder looking at viewer","camera,lens,Photography Equipment,recording studio",,1,1,1,0,0,,,,羞恥プレイ系＋α
,101,,ビデオ鑑賞,,,,1,1,1,0,0,,,,羞恥プレイ系＋α
,102,,写真撮影,,,,1,1,1,0,0,,,,羞恥プレイ系＋α
,103,,羞恥プレイ,,,,1,1,1,0,0,,,,羞恥プレイ系＋α
,104,,野外プレイ,"Woman walking with her hands covering her naked body,standing,wide shot,from head to toe",,,1,1,1,0,0,,,,羞恥プレイ系＋α
,105,,公開露出ライブ,,,,1,1,1,0,0,,,,羞恥プレイ系＋α
,106,,公衆肉便器プレイ,,,,1,1,1,0,0,,,,羞恥プレイ系＋α
,107,,裸体盛り,,,,1,1,1,0,0,,,,羞恥プレイ系＋α
,108,,ベビープレイ,,,,1,1,1,0,0,,,,羞恥プレイ系＋α
,109,,オムツにお漏らし,,,,1,1,1,0,0,,,（未実装）,羞恥プレイ系＋α
,110,,秘貝開帳,"nsfw,(cute girl lying pleasuring herself),(woman masturbation),navel,(She teases her vagina with her hand),spread legs",,,1,1,1,0,0,%汎用拒否%,%汎用拒否ネガ%,,羞恥プレイ系＋α
,111,,放尿,,,,1,1,1,0,0,,,,羞恥プレイ系＋α
,112,,剃毛,,,,1,1,1,0,0,,,,羞恥プレイ系＋α
,113,,毛抜き,,,,1,1,1,0,0,,,,羞恥プレイ系＋α
,114,,毛を抜かせる,,,,1,1,1,0,0,,,,羞恥プレイ系＋α
,115,,自慰見せつけ,"pov, (male masturbation:1.2),(pov hand), 1boy, 1girl, kneeling, arms at side,from above, <lora:povMaleMasturbation_v2:0.9:1:lbw=0,0,0,0,0,0,0.5,1,1,0.5,0,0,0,0,0,0,0>",fellatio,%縦長%,1,1,1,0,0,,,,羞恥プレイ系＋α
,116,,二人自慰見せつけ,,,,1,1,1,0,0,,,,羞恥プレイ系＋α
,117,,秘貝開帳見せつけ,,,,1,1,1,0,0,,,,羞恥プレイ系＋α
,118,,二人秘貝見せつけ,,,,1,1,1,0,0,,,,羞恥プレイ系＋α
,120,,焦らしプレイ,,,,1,1,1,0,0,,,,Ｃ系拡張コマンド
,121,,射精止め,,,,1,1,1,0,0,,,,Ｃ系拡張コマンド
,122,,豆責め,,,,1,1,1,0,0,,,,Ｃ系拡張コマンド
,123,,豆絞り,,,,1,1,1,0,0,,,,Ｃ系拡張コマンド
,124,,ローター自慰,,,,1,1,1,0,0,,,,Ｃ系拡張コマンド
,125,,電マ自慰,,,,1,1,1,0,0,,,,Ｃ系拡張コマンド
,126,,顔面騎乗,,,,1,1,1,0,0,,,,Ｃ系拡張コマンド
,128,,亀頭責め,,,,1,1,1,0,0,,,,Ｃ系拡張コマンド
,130,,陰核クリップ,,,,1,1,1,0,0,,,,Ｃ系拡張コマンド
,131,,陰核電極,,,,1,1,1,0,0,,,,Ｃ系拡張コマンド
,132,,ペニスローター,,,,1,1,1,0,0,,,,Ｃ系拡張コマンド
,133,,電マペニス責め,,,,1,1,1,0,0,,,,Ｃ系拡張コマンド
,135,,陰核測定,,,,1,1,1,0,0,,,,陰核成長系コマンド
,136,,割礼,,,,1,1,1,0,0,,,,陰核成長系コマンド
,137,,射精機能開発,,,,1,1,1,0,0,,,,陰核成長系コマンド
,140,,尿道綿棒,,,,1,1,1,0,0,,,,尿道系拡張コマンド
,141,,カテーテル,,,,1,1,1,0,0,,,,尿道系拡張コマンド
,142,,採尿器,,,,1,1,1,0,0,,,,尿道系拡張コマンド
,143,,バルーンカテーテル,,,,1,1,1,0,0,,,,尿道系拡張コマンド
,144,,電極カテーテル,,,,1,1,1,0,0,,,,尿道系拡張コマンド
,145,,飲尿する,,,,1,1,1,0,0,,,,尿道系拡張コマンド
,146,,尿道挿入,,,,1,1,1,0,0,,,,尿道系拡張コマンド
,150,,クスコ,,,,1,1,1,0,0,,,,Ｖ系拡張コマンド
,151,,ローター挿入,,,,1,1,1,0,0,,,,Ｖ系拡張コマンド
,152,,小陰唇指愛撫,,,,1,1,1,0,0,,,,Ｖ系拡張コマンド
,153,,愛液採集器,,,,1,1,1,0,0,,,,Ｖ系拡張コマンド
,155,,ヴァギナ電極,,,,1,1,1,0,0,,,,Ｖ系拡張コマンド
,156,,ヴァギナバーベル,,,,1,1,1,0,0,,,,Ｖ系拡張コマンド
,157,,ヴァギナバルーン,,,,1,1,1,0,0,,,,Ｖ系拡張コマンド
,170,,ローターＡ挿入,,,,1,1,1,0,0,,,,Ａ系拡張コマンド
,171,,アナル電極,,,,1,1,1,0,0,,,,Ａ系拡張コマンド
,172,,アナルビーズ,"<lora:analBeads_v10:0.7:1:lbw=0,0,0,0,0,0,1,1,1,1,0,0,0,0,0,0,0>1girl all fours,(anarubizu:1.4), (sex toy), looking back, uncensored, no panties, from behind",,%横長%,1,1,1,0,0,,,装備としては安定しないのでつけ外し時に描写。,Ａ系拡張コマンド
,173,,拡張バルーン,,,,1,1,1,0,0,,,,Ａ系拡張コマンド
,174,,浣腸プレイ,,,,1,1,1,0,0,,,,Ａ系拡張コマンド
,175,,空気浣腸,,,,1,1,1,0,0,,,,Ａ系拡張コマンド
,179,,アナルバーベル,,,,1,1,1,0,0,,,,Ａ系拡張コマンド
,180,,アナル舐め,"nsfw,Posture of girl on all fours with buttocks protruding,from behind,((ass focus)),botomless",(penis),,1,1,1,1,1,,,,Ａ系拡張コマンド
,181,,アナル綿棒,,,,1,1,1,0,0,,,,Ａ系拡張コマンド
,182,,アナニー,,,,1,1,1,0,0,,,,Ａ系拡張コマンド
,183,,尻素股,,,,1,1,1,0,0,,,,Ａ系拡張コマンド
,184,,フリスク挿入,,,,1,1,1,0,0,,,,Ａ系拡張コマンド
,186,,尻愛撫,"nsfw,Posture of girl on all fours with buttocks protruding,from behind,((ass focus)),botomless",(penis),,1,1,1,1,1,,,,Ａ系拡張コマンド
,187,,顔面騎乗アナル,,,,1,1,1,0,0,,,,Ａ系拡張コマンド
,188,,アナルの皺数え,"nsfw,Posture of girl on all fours with buttocks protruding,from behind,((ass focus)),botomless",(penis),,1,1,1,1,1,,,,Ａ系拡張コマンド
,190,,乳首ローター,,,,1,1,1,0,0,,,,Ｂ系拡張コマンド
,191,,搾乳機,,,,1,1,1,0,0,,,,Ｂ系拡張コマンド
,192,,乳腺開発,,,,1,1,1,0,0,,,,Ｂ系拡張コマンド
,193,,乳房電極,,,,1,1,1,0,0,,,,Ｂ系拡張コマンド
,194,,サラシ,,,,1,1,1,0,0,,,,Ｂ系拡張コマンド
,195,,乳首クリップ,,,,1,1,1,0,0,,,,Ｂ系拡張コマンド
,200,,胸揉み,"nsfw,hetero,breast grab, 1boy, 1girl arms at side,hands,arms,bust shot,nipples,POVBREASTGRAB,POV HANDS,BREAST GRAB,<lora:povBreastGrab_v2:0.8:1:lbw=CT>","male's face,female masturbation,self grabbing",,1,1,1,0,0,,,,Ｂ系拡張コマンド
,201,,乳首責め,"nsfw, 1girl,1boy, nsfw,arms at side,NIPPLE TWEAK,bust shot,<lora:conceptNippleTweak_v10:0.8>,small breasts,grabbing from behind","male's face,penis",,1,1,1,0,0,,,,Ｂ系拡張コマンド
,202,,乳首舐め,,,,1,1,1,0,0,,,,Ｂ系拡張コマンド
,203,,乳首吸い,,,,1,1,1,0,0,,,,Ｂ系拡張コマンド
,204,,母乳飲み,,,,1,1,1,0,0,,,,Ｂ系拡張コマンド
,205,,胸自慰,,,,1,1,1,0,0,,,,Ｂ系拡張コマンド
,206,,乳スパンキング,,,,1,1,1,0,0,,,,Ｂ系拡張コマンド
,207,,乳ファック,,,,1,1,1,0,0,,,,Ｂ系拡張コマンド
,208,,縦パイズリ,"nsfw,1girl, 1boy,titsjob,(paizuri),penis on breasts,nipples,pov,pov crotch ,<lora:realisticTitfuck_titfuckRealisticEpoch:1>,titfuck","multiple nipples,multiple penis,pussy,wide shot",%正方形%,1,1,1,0,0,%汎用拒否%,%汎用拒否ネガ%,とりあえずパイズリそのまま,Ｂ系拡張コマンド
,209,,パイズリフェラ,"nsfw,1girl, 1boy,titsjob,(paizuri),penis on breasts,nipples,pov,pov crotch ,<lora:realisticTitfuck_titfuckRealisticEpoch:1>,titfuck,fellatio,licking","multiple nipples,multiple penis,pussy,wide shot",%正方形%,1,1,1,0,0,%汎用拒否%,%汎用拒否ネガ%,"とりあえずパイズリそのまま＋fellatio,licking",Ｂ系拡張コマンド
,210,,乳合わせ,,,,1,1,1,0,0,,,,Ｂ系拡張コマンド
,211,,乳合わせ見せつけ,,,,1,1,1,0,0,,,,Ｂ系拡張コマンド
,220,,スパンキング,"ass,Girl on all fours with her hips facing away, Spanking,botomless{|slapmark,<lora:conceptSlapMark_v10:1>}",,,1,1,1,1,1,,,Loraの有無はランダム,ＳＭ系、ハードな調教コマンド
,221,,鞭,"A girl is being whipped,nude,Birthmarks on the body",,,1,1,1,0,0,,,,ＳＭ系、ハードな調教コマンド
,222,,針,Needle stuck in girl's body.,,,1,1,1,0,0,,,,ＳＭ系、ハードな調教コマンド
,223,,蝋燭,,,,1,1,1,0,0,,,,ＳＭ系、ハードな調教コマンド
,224,,縄,"1girl, bust shot,arms behind back,(collarbone,breasts,nipples)",,,1,1,1,0,0,,,,ＳＭ系、ハードな調教コマンド
,225,,アイマスク,,,,1,1,1,0,0,,,,ＳＭ系、ハードな調教コマンド
,226,,ボールギャグ,,,,1,1,1,0,0,,,,ＳＭ系、ハードな調教コマンド
,227,,罵倒,"1girl,(gesturing no),(~:-\(:1.2),frown,(bust shot:1.1),(slit almond eyes:1.2)","fellatio,hand job",,1,1,1,0,0,,,,ＳＭ系、ハードな調教コマンド
,228,,鼻フック,,,,1,1,1,0,0,,,,ＳＭ系、ハードな調教コマンド
,229,,強制開口器,,,,1,1,1,0,0,,,,ＳＭ系、ハードな調教コマンド
,230,,イラマチオ,"nsfw,(fellatio ,blow job,penis),<lora:testHeadgrabOr_v10:0.7:1:lbw=CT>,(hgrb),1boy, (head grab:1.4) , hand on another's head,(sanpaku:1.3),surprised,tears,(motion lines:1.2)","multiple penis,(tongue:1.4),chin","%正方形%,%横長%",1,1,0,0,0,%汎用拒否%,%汎用拒否ネガ%,,ＳＭ系、ハードな調教コマンド
,231,,フィストファック,,,,1,1,1,0,0,,,,ＳＭ系、ハードな調教コマンド
,232,,アナルフィスト,,,,1,1,1,0,0,,,,ＳＭ系、ハードな調教コマンド
,233,,両穴フィスト,,,,1,1,1,0,0,,,,ＳＭ系、ハードな調教コマンド
,234,,ヴァギナダイビング,,,,1,1,1,0,0,,,,ＳＭ系、ハードな調教コマンド
,235,,アナルダイビング,,,,1,1,1,0,0,,,,ＳＭ系、ハードな調教コマンド
,236,,ツボを突く,"solo focus,(Fist of the North Star:1.8),(kenshiro:1.5),(deadly martial art known as Hokuto Shinken, which gives him the ability to kill his opponents by striking their secret vital points, which often results in an exceptionally violent and gory death.:1.5),(striking with his raising finger:1.5),(motion lines)",,,0,0,0,0,0,,,,ＳＭ系、ハードな調教コマンド
,237,,鼻クリップ,,,,1,1,1,0,0,,,,ＳＭ系、ハードな調教コマンド
,238,,スタンガン,,,,1,1,1,0,0,,,,ＳＭ系、ハードな調教コマンド
,240,,足で踏む,,,,1,1,1,0,0,,,,拷問系、精神操作系コマンド
,241,,腹パン,,,,1,1,1,0,0,,,,拷問系、精神操作系コマンド
,242,,三角木馬,,,,1,1,1,0,0,,,,拷問系、精神操作系コマンド
,243,,杭,,,,1,1,1,0,0,,,,拷問系、精神操作系コマンド
,244,,ナイフ,,,,1,1,1,0,0,,,,拷問系、精神操作系コマンド
,245,,鉈,,,,1,1,1,0,0,,,,拷問系、精神操作系コマンド
,251,,ビンタを張る,"(Girl gets slapped),upper body",,,1,1,1,0,0,,,,拷問系、精神操作系コマンド
,252,,アイアンメイデン,,,,1,1,1,0,0,,,,拷問系、精神操作系コマンド
,253,,水を飲ませる,,,,1,1,1,0,0,,,,拷問系、精神操作系コマンド
,270,,罵ってもらう,"1girl,upper body,open mouth,((argued with viewer,heap abuse upon viewer))",,,1,1,1,0,0,,,,マゾ系調教コマンド
,271,,足を舐める,"from below,1girl,crossed legs,The girl is sticking her foot to viewer,((foot focus))",,,1,1,1,0,0,,,,マゾ系調教コマンド
,272,,叩いてもらう,"((attacking,girl is throwing a punch at me)),((clenched fist)),pov,upper body",,,1,1,1,0,0,,,,マゾ系調教コマンド
,273,,鞭で打ってもらう,,,,1,1,1,0,0,,,,マゾ系調教コマンド
,274,,血を吸われる,,,,1,1,1,0,0,,,,マゾ系調教コマンド
,290,,コンドーム,,,,1,1,1,0,0,,,,妊娠パッチのコマンド
,291,,コンドーム精飲(奴),,,,1,1,1,0,0,,,,妊娠パッチのコマンド
,292,,コンドーム精飲(助),,,,1,1,1,0,0,,,,妊娠パッチのコマンド
,293,,ザーメンキス,,,,1,1,1,0,0,,,,
,300,,クンニ強制,,,,1,1,1,0,0,,,,助手によるコマンド、及びレズ(ＢＬ)プレイ
,301,,貝あわせ,,,,1,1,1,0,0,,,,助手によるコマンド、及びレズ(ＢＬ)プレイ
,302,,足コキする,,,,1,1,1,0,0,,,,助手によるコマンド、及びレズ(ＢＬ)プレイ
,303,,二人フェラチオ,,,,1,1,1,0,0,,,,助手によるコマンド、及びレズ(ＢＬ)プレイ
,304,,二本フェラチオ,"<lora:doubledick_v10:1>,A WOMAN HOLDING TWO DICKS,2MEN,SUCKING DICK,SUCKING COCK,CUM",,,1,1,1,0,0,,,,助手によるコマンド、及びレズ(ＢＬ)プレイ
,305,,二人でパイズリ,,,,1,1,1,0,0,,,,助手によるコマンド、及びレズ(ＢＬ)プレイ
,306,,二人で素股,,,,1,1,1,0,0,,,,助手によるコマンド、及びレズ(ＢＬ)プレイ
,307,,助手を犯させる,,,,1,1,1,0,0,,,,助手によるコマンド、及びレズ(ＢＬ)プレイ
,308,,助手のＡを犯させる,,,,1,1,1,0,0,,,,助手によるコマンド、及びレズ(ＢＬ)プレイ
,309,,助手とキスする,,,,1,1,1,0,0,,,,助手によるコマンド、及びレズ(ＢＬ)プレイ
,310,,二人の尻を叩く,,,,1,1,1,0,0,,,,助手によるコマンド、及びレズ(ＢＬ)プレイ
,311,,尻を二人で叩く,,,,1,1,1,0,0,,,,助手によるコマンド、及びレズ(ＢＬ)プレイ
,312,,二人のＶをフィスト,,,,1,1,1,0,0,,,,助手によるコマンド、及びレズ(ＢＬ)プレイ
,313,,二人のＡをフィスト,,,,1,1,1,0,0,,,,助手によるコマンド、及びレズ(ＢＬ)プレイ
,320,,優しくする,"pov,A girl having head patted,upperbody,<lora:testHeadgrabOr_v10:0.8:1:lbw=1,0,0,0,0,0,0.2,1,1,1,0,0,0,0,0,0,0>,(hgrb:1.4),1boy,(hand on another's head:1.2)","(arms up),armpit,pov crotch,pov legs,penis,(troubled eyebrows:1.4)",,1,1,1,0,0,,,,逆奉仕、ウフフ系コマンド
,321,,手淫する,,,,1,1,1,0,0,,,,逆奉仕、ウフフ系コマンド
,322,,パイズリする,,,,1,1,1,0,0,,,,逆奉仕、ウフフ系コマンド
,323,,正常位させる,,,,1,1,1,0,0,,,,逆奉仕、ウフフ系コマンド
,324,,後背位させる,,,,1,1,1,0,0,,,,逆奉仕、ウフフ系コマンド
,325,,騎乗位する,,,,1,1,1,0,0,,,,逆奉仕、ウフフ系コマンド
,326,,ペニバン挿入,,,,1,1,1,0,0,,,,逆奉仕、ウフフ系コマンド
,327,,指チュパ,"pov,from above,upperbody,finger in another's mouth,(finger sucking),:o,(pov hand),<lora:murkysFingerSucking_1:0.7:1:lbw=CT>","pov crotch,pov legs,penis",,1,1,1,0,0,%汎用拒否%,%汎用拒否ネガ%,,逆奉仕、ウフフ系コマンド
,328,,首筋耳裏責め,"pov,from behind,1girl,(looking back),face focus,(bust shot),(nape:1.4),(close up:1.2),shoulder","(lower body:1.4),(lower back,ass,buttocks,butt,thigh:1.4",,1,1,1,0,0,,,,逆奉仕、ウフフ系コマンド
,329,,玉愛撫,,,,1,1,1,0,0,,,,逆奉仕、ウフフ系コマンド
,330,,玉を舐める,,,,1,1,1,0,0,,,,逆奉仕、ウフフ系コマンド
,331,,二人でフェラする,,,,1,1,1,0,0,,,,逆奉仕、ウフフ系コマンド
,332,,Ａ正常位させる,,,,1,1,1,0,0,,,,逆奉仕、ウフフ系コマンド
,333,,Ａ後背位させる,,,,1,1,1,0,0,,,,逆奉仕、ウフフ系コマンド
,334,,Ａ騎乗位する,,,,1,1,1,0,0,,,,逆奉仕、ウフフ系コマンド
,335,,パイズリフェラする,,,,1,1,1,0,0,,,,逆奉仕、ウフフ系コマンド
,336,,ヴァギナを拭く,,,,1,1,1,0,0,,,,逆奉仕、ウフフ系コマンド
,337,,二人で首筋耳裏責め,,,,1,1,1,0,0,,,,逆奉仕、ウフフ系コマンド
,338,,二人に犯させる,,,,1,1,1,0,0,,,,逆奉仕、ウフフ系コマンド
,339,,膣内洗浄,,,,1,1,1,0,0,,,,逆奉仕、ウフフ系コマンド
,340,,ぱふぱふ,"pov,from below,nsfw,(close up chest:1.2),(chest focus:1.2),bared breasts,nipples,stomach,(upper body),1girl looking down",(lower body),,1,1,1,0,0,,,,逆奉仕、ウフフ系コマンド
,341,,胸枕,,,,1,1,1,0,0,,,,逆奉仕、ウフフ系コマンド
,342,,乳繰り合う,,,,1,1,1,0,0,,,,逆奉仕、ウフフ系コマンド
,343,,乳ビンタ,,,,1,1,1,0,0,,,,逆奉仕、ウフフ系コマンド
,344,,乳の揉み合い,,,,1,1,1,0,0,,,,逆奉仕、ウフフ系コマンド
,345,,お風呂を楽しむ,"in bathtub,sitting,relax,pov,(bathig together,face focus,close up:1.2)",,,1,1,1,0,0,,,,逆奉仕、ウフフ系コマンド
,346,,お外を楽しむ,,,,1,1,1,0,0,,,,逆奉仕、ウフフ系コマンド
,347,,お嫁さんで楽しむ,,,,1,1,1,0,0,,,,逆奉仕、ウフフ系コマンド
,348,,お酒を飲ませる,1girl drinking alcohol,,,1,1,1,0,0,,,,逆奉仕、ウフフ系コマンド
,349,,ふぉーゆーっ！,"pov,1girl,upper body,(confusion:1.3)",,,1,1,1,0,0,,,,逆奉仕、ウフフ系コマンド
,350,,お風呂場プレイ,Girl with bath towel wrapped around her body is standing,,,1,1,1,0,0,,,,風呂系コマンド
,351,,シャワー,"A girl is taking a shower,(water pouring from a shower head:1.4),standing,in shower room",,,1,1,1,0,0,,,,風呂系コマンド
,352,,泡踊り,"(1girl and 1boy),faceless male,1girl is straddling on naked man lying,(pov stomach),((full of bubbles,foamy)),(((soap,foamy))),(((soap,foamy)))",,,1,1,1,0,0,,,,風呂系コマンド
,353,,泡踊りする,,,,1,1,1,0,0,,,,風呂系コマンド
,354,,たわし洗い,"(1girl and 1boy),faceless male,1girl is straddling on naked man lying,(pov stomach),((full of bubbles,foamy)),(((soap,foamy))),(((soap,foamy)))",,,1,1,1,0,0,,,,風呂系コマンド
,360,,蟲風呂,,,,1,1,1,0,0,,,,風呂系コマンド
,361,,鰻風呂,,,,1,1,1,0,0,,,,風呂系コマンド
,362,,ローション風呂,,,,1,1,1,0,0,,,,風呂系コマンド
,363,,スライム風呂,,,,1,1,1,0,0,,,,風呂系コマンド
,364,,媚薬風呂,,,,1,1,1,0,0,,,,風呂系コマンド
,365,,水牢,,,,1,1,1,0,0,,,,風呂系コマンド
,366,,精液風呂,,,,1,1,1,0,0,,,,風呂系コマンド
,367,,酒風呂,,,,1,1,1,0,0,,,,風呂系コマンド
,368,,トロロ風呂,,,,1,1,1,0,0,,,,風呂系コマンド
,369,,毛玉風呂,,,,1,1,1,0,0,,,,風呂系コマンド
,370,,蒸し風呂,,,,1,1,1,0,0,,,,風呂系コマンド
,371,,国士無双の薬風呂,,,,1,1,1,0,0,,,,風呂系コマンド
,372,,厄毒風呂,,,,1,1,1,0,0,,,,風呂系コマンド
,373,,岩盤浴,,,,1,1,1,0,0,,,,風呂系コマンド
,374,,札束風呂,,,,1,1,1,0,0,,,,風呂系コマンド
,380,,バター犬プレイ,,,,1,1,1,0,0,,,,獣姦系コマンド
,381,,犬に犯させる,,,,1,1,1,0,0,,,,獣姦系コマンド
,382,,犬を犯させる,,,,1,1,1,0,0,,,,獣姦系コマンド
,383,,豚に犯させる,,,,1,1,1,0,0,,,,獣姦系コマンド
,384,,豚を犯させる,,,,1,1,1,0,0,,,,獣姦系コマンド
,385,,馬のをフェラさせる,,,,1,1,1,0,0,,,,獣姦系コマンド
,386,,馬に犯させる,,,,1,1,1,0,0,,,,獣姦系コマンド
,387,,犬とキスさせる,,,,1,1,1,0,0,,,,獣姦系コマンド
,388,,豚とキスさせる,,,,1,1,1,0,0,,,,獣姦系コマンド
,389,,犬にＡ犯させる,,,,1,1,1,0,0,,,,獣姦系コマンド
,390,,豚にＡ犯させる,,,,1,1,1,0,0,,,,獣姦系コマンド
,391,,馬にＡ犯させる,,,,1,1,1,0,0,,,,獣姦系コマンド
,395,,髪を染める,,,,1,1,1,0,0,,,,髮型系コマンド
,396,,髪型を弄る,"1girl,(hairdresser's),(arranging her hair from behind,close up:1.4)",(wide shot),,1,1,0,0,0,,,,髮型系コマンド
,400,,吸血,,,,1,1,1,0,0,,,,固有コマンド
,401,,暗闇,,,,1,1,1,0,0,,,,固有コマンド
,402,,尻子玉抜き,,,,1,1,1,0,0,,,,固有コマンド
,403,,焼芋責め,,,,1,1,1,0,0,,,,固有コマンド
,404,,巨峰責め,,,,1,1,1,0,0,,,,固有コマンド
,405,,石勺柏責め,,,,1,1,1,0,0,,,,固有コマンド
,406,,荊で緊縛,,,,1,1,1,0,0,,,,固有コマンド
,407,,荊の鞭,,,,1,1,1,0,0,,,,固有コマンド
,408,,蜘蛛の糸,,,,1,1,1,0,0,,,,固有コマンド
,409,,独楽回し,,,,1,1,1,0,0,,,,固有コマンド
,410,,蜘蛛脚愛撫,,,,1,1,1,0,0,,,,固有コマンド
,411,,人形愛撫,,,,1,1,1,0,0,,,,固有コマンド
,412,,操りの糸,,,,1,1,1,0,0,,,,固有コマンド
,413,,豆炙り,,,,1,1,1,0,0,,,,固有コマンド
,414,,乳豆炙り,,,,1,1,1,0,0,,,,固有コマンド
,415,,読心,,,,1,1,1,0,0,,,,固有コマンド
,416,,思姦,,,,1,1,1,0,0,,,,固有コマンド
,417,,筆責め,,,,1,1,1,0,0,,,,固有コマンド
,418,,時間停止,,,,1,1,1,0,0,,,,固有コマンド
,419,,狂気の目,,,,1,1,1,0,0,,,,固有コマンド
,420,,鈴蘭の毒,,,,1,1,1,0,0,,,,固有コマンド
,421,,昆虫採集セットの薬,,,,1,1,1,0,0,,,,固有コマンド
,422,,媚薬漬け,,,,1,1,1,0,0,,,,固有コマンド
,423,,酒漬け,,,,1,1,1,0,0,,,,固有コマンド
,424,,わかめ酒,,,,1,1,1,0,0,,,,固有コマンド
,425,,かりちゅまがーど,,,,1,1,1,0,0,,,,固有コマンド
,427,,陰毛炙り,,,,1,1,1,0,0,,,,固有コマンド
,430,,御所車,,,,1,1,1,0,0,,,,固有コマンド
,431,,フォーオブアカインド,,,,1,1,1,0,0,,,,固有コマンド
,432,,氷柱責め,,,,1,1,1,0,0,,,,固有コマンド
,433,,アナル卒塔婆,,,,1,1,1,0,0,,,,固有コマンド
,434,,角愛撫,,,,1,1,1,0,0,,,,固有コマンド
,435,,角挿入,,,,1,1,1,0,0,,,,固有コマンド
,436,,角アナル挿入,,,,1,1,1,0,0,,,,固有コマンド
,437,,ヴァギナ要石,,,,1,1,1,0,0,,,,固有コマンド
,438,,アナル要石,,,,1,1,1,0,0,,,,固有コマンド
,439,,両穴要石,,,,1,1,1,0,0,,,,固有コマンド
,440,,半霊を犯す,,,,1,1,1,0,0,,,,固有コマンド
,441,,半霊を挿入(前),,,,1,1,1,0,0,,,,固有コマンド
,442,,半霊を挿入(後),,,,1,1,1,0,0,,,,固有コマンド
,443,,幽明の苦輪,,,,1,1,1,0,0,,,,固有コマンド
,444,,半霊再構成,,,,1,1,1,0,0,,,,固有コマンド
,445,,薀蓄語り,,,,1,1,1,0,0,,,,固有コマンド
,446,,説教を受ける,,,,1,1,1,0,0,,,,固有コマンド
,447,,傘を愛撫する,,,,1,1,1,0,0,,,,固有コマンド
,448,,房中術,,,,1,1,1,0,0,,,,固有コマンド
,449,,フィーバー！,,,,1,1,1,0,0,,,,固有コマンド
,450,,ピッチャー二つ,,,,1,1,1,0,0,,,儀式「とりあえずピッチャー二つで」,固有コマンド
,451,,酔生夢死,,,,1,1,1,0,0,,,酔生夢死「空飛ぶ呑んべぇのレムリア」,固有コマンド
,452,,超凝視,,,,1,1,1,0,0,,,,固有コマンド
,453,,傘に舐めさせる,,,,1,1,1,0,0,,,,固有コマンド
,490,,ローション練成,,,,1,1,1,0,0,,,,固有コマンド
,491,,野菜式体液媚薬変換,,,,1,1,1,0,0,,,,固有コマンド
,500,,触手召喚,,,,1,1,1,0,0,,,,触手系コマンド
,501,,触手挿入,,,,1,1,1,0,0,,,,触手系コマンド
,502,,触手アナル挿入,,,,1,1,1,0,0,,,,触手系コマンド
,503,,触手クリ責め,,,,1,1,1,0,0,,,,触手系コマンド
,504,,触手乳首責め,,,,1,1,1,0,0,,,,触手系コマンド
,505,,触手ペニス責め,,,,1,1,1,0,0,,,,触手系コマンド
,506,,触手口辱,,,,1,1,1,0,0,,,,触手系コマンド
,507,,触手緊縛,,,,1,1,1,0,0,,,,触手系コマンド
,508,,触手鼻穴挿入,,,,1,1,1,0,0,,,,触手系コマンド
,509,,触手メイデン,,,,1,1,1,0,0,,,,触手系コマンド
,510,,触手寄生,,,,1,1,1,0,0,,,,紳士的な触手系コマンド
,511,,触手くすぐり,,,,1,1,1,0,0,,,,紳士的な触手系コマンド
,512,,触手秘貝開き,,,,1,1,1,0,0,,,,紳士的な触手系コマンド
,513,,触手パイズリ,,,,1,1,1,0,0,,,,紳士的な触手系コマンド
,514,,触手素股,,,,1,1,1,0,0,,,,紳士的な触手系コマンド
,515,,触手放電ペニス責め,,,,1,1,1,0,0,,,,紳士的な触手系コマンド
,520,,触手Ｇスポ責め,,,,1,1,1,0,0,,,,紳士的な触手系コマンド
,521,,触手子宮責め,,,,1,1,1,0,0,,,,紳士的な触手系コマンド
,522,,触手浣腸,,,,1,1,1,0,0,,,,紳士的な触手系コマンド
,523,,触手小腸責め,,,,1,1,1,0,0,,,,紳士的な触手系コマンド
,524,,触手貫通,,,,1,1,1,0,0,,,,紳士的な触手系コマンド
,525,,触手搾乳,,,,1,1,1,0,0,,,,紳士的な触手系コマンド
,526,,触手乳腺挿入,,,,1,1,1,0,0,,,,紳士的な触手系コマンド
,527,,触手カテーテル,,,,1,1,1,0,0,,,,紳士的な触手系コマンド
,528,,触手採尿,,,,1,1,1,0,0,,,,紳士的な触手系コマンド
,529,,触手耳穴挿入,,,,1,1,1,0,0,,,,紳士的な触手系コマンド
,530,,触手ヴァギナ拡張,,,,1,1,1,0,0,,,,紳士的な触手系コマンド
,531,,触手アナル拡張,,,,1,1,1,0,0,,,,紳士的な触手系コマンド
,532,,触手両穴拡張,,,,1,1,1,0,0,,,,紳士的な触手系コマンド
,533,,触手産卵,,,,1,1,1,0,0,,,,紳士的な触手系コマンド
,534,,触手アナル産卵,,,,1,1,1,0,0,,,,紳士的な触手系コマンド
,535,,触手愛液採集,,,,1,1,1,0,0,,,,紳士的な触手系コマンド
,540,,触手口内洗浄,,,,1,1,1,0,0,,,,紳士的な触手系コマンド
,541,,触手膣内洗浄,,,,1,1,1,0,0,,,,紳士的な触手系コマンド
,542,,触手腸内洗浄,,,,1,1,1,0,0,,,,紳士的な触手系コマンド
,543,,触手膀胱洗浄,,,,1,1,1,0,0,,,,紳士的な触手系コマンド
,544,,触手鼻腔洗浄,,,,1,1,1,0,0,,,,紳士的な触手系コマンド
,545,,触手耳穴洗浄,,,,1,1,1,0,0,,,,紳士的な触手系コマンド
,546,,触手全穴洗浄,,,,1,1,1,0,0,,,,紳士的な触手系コマンド
,550,,触手催眠,,,,1,1,1,0,0,,,,紳士的な触手系コマンド
,551,,触手鞭打ち,,,,1,1,1,0,0,,,,紳士的な触手系コマンド
,552,,触手針責め,,,,1,1,1,0,0,,,,紳士的な触手系コマンド
,553,,触手放電,,,,1,1,1,0,0,,,,紳士的な触手系コマンド
,554,,触手吸血,,,,1,1,1,0,0,,,,紳士的な触手系コマンド
,555,,触手丸呑み,,,,1,1,1,0,0,,,(構想中),紳士的な触手系コマンド
,556,,触手チキチキ,,,,1,1,1,0,0,,,,紳士的な触手系コマンド
,560,,触手強制回復,,,,1,1,1,0,0,,,,紳士的な触手系コマンド
,561,,触手排卵誘発,,,,1,1,1,0,0,,,,紳士的な触手系コマンド
,562,,触手避妊膜塗布,,,,1,1,1,0,0,,,,紳士的な触手系コマンド
,563,,触手発毛剤,,,,1,1,1,0,0,,,,紳士的な触手系コマンド
,564,,触手脱毛剤,,,,1,1,1,0,0,,,,紳士的な触手系コマンド
,580,,触手読心責め,,,,1,1,1,0,0,,,,紳士的な触手系コマンド
,581,,触手潮干狩り,,,,1,1,1,0,0,,,,紳士的な触手系コマンド
,582,,触手幽霊膣鏡,,,,1,1,1,0,0,,,,紳士的な触手系コマンド
,583,,触手強制飲酒,,,,1,1,1,0,0,,,,紳士的な触手系コマンド
,584,,触手精神制御,,,,1,1,1,0,0,,,,紳士的な触手系コマンド
,585,,触手厄落とし,,,,1,1,1,0,0,,,,紳士的な触手系コマンド
,586,,触手腸内撮影,,,,1,1,1,0,0,,,,紳士的な触手系コマンド
,587,,触手言葉責め,,,,1,1,1,0,0,,,,紳士的な触手系コマンド
,588,,触手鈴蘭媚薬,,,,1,1,1,0,0,,,,紳士的な触手系コマンド
,589,,触手官能図書,,,,1,1,1,0,0,,,,紳士的な触手系コマンド
,590,,触手妖精按摩,,,,1,1,1,0,0,,,,紳士的な触手系コマンド
,591,,触手氷精手淫,,,,1,1,1,0,0,,,,紳士的な触手系コマンド
,592,,触手淫脈探査,,,,1,1,1,0,0,,,,紳士的な触手系コマンド
,593,,触手最終審判,,,,1,1,1,0,0,,,,紳士的な触手系コマンド
,594,,触手百裂紅葉,,,,1,1,1,0,0,,,,紳士的な触手系コマンド
,595,,触手豊穣淫香,,,,1,1,1,0,0,,,,紳士的な触手系コマンド
,600,,Ｇスポット刺激,,,,1,1,1,0,0,,,,派生コマンド
,601,,潜望鏡,"bathtub,<lora:POVBlowjobCreampie_v3:0.7:nf>,{pov blowjob|pov deepthroat,deepthroat},{front|above},wet penis,nsfw",multiple penis,,1,1,0,0,0,%汎用拒否%,%汎用拒否ネガ%,bathtubで浴槽内の構図になったらいいな,派生コマンド
,602,,シックスナイン,"nsfw,(fellatio,penis) ,pov crotch ,blow job,{|face focus|wide shot},{|side view},{|all fours},{|looking up}",multiple penis,"%縦長%,%正方形%,%横長%",1,1,0,0,0,,,暫定でフェラ,派生コマンド
,603,,６９パイズリ,,,,1,1,1,0,0,,,,派生コマンド
,604,,雁が首,"nsfw,(fellatio,penis) ,pov crotch ,blow job,{|face focus|wide shot},{|side view},{|all fours},{|looking up}",multiple penis,"%縦長%,%正方形%,%横長%",1,1,0,0,0,%汎用拒否%,%汎用拒否ネガ%,フェラと同じにした,派生コマンド
,605,,指でＶを撫でる,,,,1,1,1,0,0,,,,派生コマンド
,606,,ペッティング,,,,1,1,1,0,0,,,,派生コマンド
,610,,二人で犯す,,,,1,1,1,0,0,,,,派生コマンド
,611,,岩清水,,,,1,1,1,0,0,,,,派生コマンド
,612,,乱れ牡丹,,,,1,1,1,0,0,,,,派生コマンド
,613,,騎乗乳房自慰,,,,1,1,1,0,0,,,,派生コマンド
,614,,挿入Ｇスポ責め,"<lora:povWaistGrabConcept_v09:0.3:1:lbw=CT>,navel,pussy,(missionGrab,vaginal sex,missionaly,pov)",,%縦長%,1,1,1,0,0,,,対面からの派生で呼ばれる,派生コマンド
,615,,挿入子宮口責め,"<lora:fuckedSillyFromBehind_v10:0.8>,(fucked silly, sex from behind, 1boy)",,%横長%,1,1,1,0,0,,,背面からの派生で呼ばれる,派生コマンド
,616,,後背位愛撫,"nsfw,hetero,small breasts,breast grab, 1boy, 1girl arms at side penetrated from behind,(middle-aged man behind girl),hands,arms,bust shot,<lora:breastGrabFromBehind_nikeBreastGrabFrom:0.5>,doggystyle sex,","males face,female masturbation,self grabbing",,1,1,1,0,0,,,表示されるテキストは「後背位胸愛撫」である,派生コマンド
,617,,対面愛撫,,,,1,1,1,0,0,,,,派生コマンド
,618,,後背位アナル胸愛撫,,,,1,1,1,0,0,,,,派生コマンド
,619,,対面アナル胸愛撫,,,,1,1,1,0,0,,,,派生コマンド
,620,,強制放尿,,,,1,1,1,0,0,,,,派生コマンド
,621,,口移し,,,,1,1,1,0,0,,,,派生コマンド
,622,,四肢緊縛,,,,1,1,1,0,0,,,,派生コマンド
,623,,亀甲縛り,,,,1,1,1,0,0,,,,派生コマンド
,624,,吊り下げ,,,,1,1,1,0,0,,,,派生コマンド
,625,,ローションプレイ,,,,1,1,1,0,0,,,,派生コマンド
,626,,搾乳,,,,1,1,1,0,0,,,,派生コマンド
,627,,乳首甘噛み,,,,1,1,1,0,0,,,,派生コマンド
,628,,相互自慰,,,,1,1,1,0,0,,,,派生コマンド
,629,,サンドイッチ,,,,1,1,1,0,0,,,,派生コマンド
,630,,後背位手淫,,,,1,1,1,0,0,,,,派生コマンド
,631,,相互秘貝開帳,,,,1,1,1,0,0,,,,派生コマンド
,632,,背面座位胸愛撫,,,,1,1,1,0,0,,,,派生コマンド
,633,,背面座位アナル胸愛撫,,,,1,1,1,0,0,,,,派生コマンド
,649,,イきつけ三杯,,,,1,1,1,0,0,,,,派生コマンド
,650,,浄玻璃の鏡,,,,1,1,1,0,0,,,,派生コマンド
,651,,御所車ＴＹＰＥ－Ｒ,,,,1,1,1,0,0,,,,派生コマンド
,652,,フォーオブアカインド(ふたなり),,,,1,1,1,0,0,,,,派生コマンド
,653,,蜘蛛の巣,,,,1,1,1,0,0,,,,派生コマンド
,654,,蜘蛛脚六点責め,,,,1,1,1,0,0,,,,派生コマンド
,655,,蜘蛛の巣姦,,,,1,1,1,0,0,,,,派生コマンド
,656,,蜘蛛の巣肛門姦,,,,1,1,1,0,0,,,,派生コマンド
,657,,蓑虫プレイ,,,,1,1,1,0,0,,,,派生コマンド
,658,,拘束∇,,,,1,1,1,0,0,,,,派生コマンド
,659,,暗黒潮干狩り,,,,1,1,1,0,0,,,(未実装),派生コマンド
,660,,性感槍ぐんぐにる,,,,1,1,1,0,0,,,,派生コマンド
,680,,触手撫で回し,,,,1,1,1,0,0,,,,派生コマンド
,682,,触手アナル愛撫,,,,1,1,1,0,0,,,,派生コマンド
,683,,触手胸愛撫,,,,1,1,1,0,0,,,,派生コマンド
,699,,頼む,,,,1,1,1,0,0,,,,派生コマンド
,700,,*近寄る,,,,,,,,,,,,戦闘コマンド
,701,,*距離をとる,,,,,,,,,,,,戦闘コマンド
,702,,*背後に回る,,,,,,,,,,,,戦闘コマンド
,703,,*見切り,,,,,,,,,,,,戦闘コマンド
,704,,*防御,,,,,,,,,,,,戦闘コマンド
,710,,近寄る,,,,,,,,,,,,奴隷用
,711,,距離をとる,,,,,,,,,,,,奴隷用
,712,,背後に回る,,,,,,,,,,,,奴隷用
,713,,見切り,,,,,,,,,,,,奴隷用
,714,,防御,,,,,,,,,,,,奴隷用
,715,,何もしない,"nsfw,cute girl sitting on floor,nude,relaxing",,,1,1,1,0,0,,,,奴隷用
,720,,近距離攻撃,,,,,,,,,,,,奴隷用
,721,,中距離攻撃,,,,,,,,,,,,奴隷用
,722,,遠距離攻撃,,,,,,,,,,,,奴隷用
,723,,チャージ,,,,,,,,,,,,奴隷用
,730,,●脱衣,,,,,,,,,,,,戦闘コマンド
,740,,振り解く,,,,,,,,,,,,奴隷用
,741,,暴れる,,,,,,,,,,,,奴隷用
,742,,耐える,,,,,,,,,,,,奴隷用
,743,,なすがまま,,,,,,,,,,,,奴隷用
,744,,受け入れる,,,,,,,,,,,,奴隷用
,745,,奉仕する,,,,,,,,,,,,奴隷用
,746,,Ｖ挿入防御,,,,,,,,,,,,奴隷用
,750,,睨みつける,,,,,,,,,,,,奴隷用
,751,,罵倒する,"1girl,(gesturing no),(~:-\(:1.2),frown,(bust shot:1.1),(slit almond eyes:1.2)","fellatio,hand job",,1,1,1,0,0,,,,奴隷用
,752,,反抗する,,,,,,,,,,,,奴隷用
,753,,説得する,,,,,,,,,,,,奴隷用
,760,,★拘束,,,,,,,,,,,,戦闘コマンド
,770,,手淫攻撃,,,,,,,,,,,,奴隷用
,771,,フェラ攻撃,,,,,,,,,,,,奴隷用
,772,,足コキ攻撃,,,,,,,,,,,,奴隷用
,773,,素股焦らし,,,,,,,,,,,,奴隷用
,774,,搾り取る,,,,,,,,,,,,奴隷用
eraTW,1000,,愛撫,,,,,,,,,,,,０．愛撫系コマンド
eraTW,1001,,クンニ,,,,,,,,,,,,０．愛撫系コマンド
eraTW,1002,,フェラする,,,,1,1,1,0,0,,,,０．愛撫系コマンド
eraTW,1003,,指挿れ,,,,,,,,,,,,０．愛撫系コマンド
eraTW,1004,,アナル舐め,"nsfw,Posture of girl on all fours with buttocks protruding,from behind,((ass focus)),botomless",(penis),,1,1,1,1,1,,,,０．愛撫系コマンド
eraTW,1005,,アナル愛撫,"nsfw,Posture of girl on all fours with buttocks protruding,from behind,((ass focus)),botomless",(penis),,1,1,1,1,1,,,,０．愛撫系コマンド
eraTW,1006,,胸愛撫,"nsfw,hetero,breast grab, 1boy, 1girl arms at side,hands,arms,bust shot,nipples,POVBREASTGRAB,POV HANDS,BREAST GRAB,<lora:povBreastGrab_v2:0.8:1:lbw=CT>","male's face,female masturbation,self grabbing",,1,1,1,0,0,,,,０．愛撫系コマンド
eraTW,1007,,乳首責め,"nsfw, 1girl,1boy, nsfw,arms at side,NIPPLE TWEAK,bust shot,<lora:conceptNippleTweak_v10:0.8>,small breasts,grabbing from behind","male's face,penis",,1,1,1,0,0,,,,０．愛撫系コマンド
eraTW,1008,,秘貝開帳,"nsfw,(cute girl lying pleasuring herself),(woman masturbation),navel,(She teases her vagina with her hand),spread legs",,,1,1,1,0,0,%汎用拒否%,%汎用拒否ネガ%,,０．愛撫系コマンド
eraTW,1009,,自慰,"nsfw,(cute girl lying pleasuring herself),(woman masturbation),navel,(She teases her vagina with her hand),spread legs",,,1,1,1,1,1,%汎用拒否%,%汎用拒否ネガ%,,０．愛撫系コマンド
eraTW,1013,,アナル開帳,,,,,,,,,,,,０．愛撫系コマンド
eraTW,1015,,クリ愛撫,,,,,,,,,,,,０．愛撫系コマンド
eraTW,1020,,キスする,,,,,,,,,,,,１．コミュニケーション系コマンド
eraTW,1021,,何もしない,"nsfw,cute girl sitting on floor,nude,relaxing",,,1,1,1,0,0,,,,１．コミュニケーション系コマンド
eraTW,1022,,誘い受ける,,,,,,,,,,,,１．コミュニケーション系コマンド
eraTW,1040,,ローター,"nsfw,nude,lying,motion lines,navel,(trembling effect motion lines:1.0),(vibration:1.0),(motion blur:1.0), (vibrator on Lower abdomen:1.3),from below,pussy","(penis),open pussy",,1,1,1,0,0,,,実際insert率は低め,２．道具使用コマンド
eraTW,1041,,Ｅマッサージャ,"nsfw,nude,(sex toys:1.5),upper body ,lying,bust shot,motion lines,navel,Feels good sexually,(trembling effect motion lines:1.2),(vibration:1.2),(motion blur:1.2)",(penis),,1,1,1,0,0,,,下半身はすぐ挿入したがるので写らないように誤魔化す,道具使用コマンド
eraTW,1042,,クリキャップ,,,,,,,,,,,,２．道具使用コマンド
eraTW,1043,,オナホール,,,,,,,,,,,,２．道具使用コマンド
eraTW,1044,,バイブ,"no panties,lower body focus,spread legs","(penis),open pussy",,1,1,1,1,1,,,,２．道具使用コマンド
eraTW,1045,,アナルバイブ,"1girl all fours, looking back, no panties, from behind",,,1,1,1,1,1,,,,２．道具使用コマンド
eraTW,1046,,アナルビーズ,"<lora:analBeads_v10:0.7:1:lbw=0,0,0,0,0,0,1,1,1,1,0,0,0,0,0,0,0>1girl all fours,(anarubizu:1.4), (sex toy), looking back, uncensored, no panties, from behind",,%横長%,1,1,1,0,0,,,,２．道具使用コマンド
eraTW,1047,,ニプルキャップ,,,,1,1,1,0,0,,,,２．道具使用コマンド
eraTW,1048,,搾乳機,,,,,,,,,,,,２．道具使用コマンド
eraTW,1049,,乳首ローター,,,,,,,,,,,,２．道具使用コマンド
eraTW,1060,,正常位,"nsfw,solo focus,(face),nsfw,(deep penetration missionary:0.8),(lying,spread legs, vaginal sex,missionary:1.1)",,%縦長%,1,1,1,1,0,,,,
eraTW,1061,,後背位,"nsfw,{<lora:povWaistGrabConcept_v09:0.2>,doggyGrab,vaginal sex,from behind,ass,doggystyle,pov|<lora:doggystyleSideView_ekunesidedoggstyle:0.7>,sidedoggystyle, 1boy, ass, doggystyle, sex,all fours,torso grab,penis,vaginal}",,,1,1,1,1,1,,,,
eraTW,1062,,正常位アナル,"<lora:missionaryPOVAnal_v10:1:1:lbw=0.6:0,0,0,0,0,0,1,1,0.6,1,0,0,0,0,0,0,0>,missionary POV Anal,lying,pov,nsfw ,anal sex,navel, camel Toe,pussy,missionary anal",,,1,1,1,1,1,,,,
eraTW,1063,,後背位アナル,"sfw, girl, 1boy, pov,( penis:1.2), ass, from behind, (back:1.1),<lora:povAnalFromBehind_v2:0.5>,from above",,%縦長%,1,1,1,1,1,,,,
eraTW,1064,,逆レイプ,,,,1,1,1,0,0,,,,
eraTW,1065,,騎乗位,"pov,straddling, upright straddle,arm support,nsfw,navel,pussy,cowgirlGrab,pov, cowgirl position, vaginal",,,1,1,1,1,0,%汎用拒否%,%汎用拒否ネガ%,,
eraTW,1066,,騎乗位アナル,"<lora:missionaryPOVAnal_v10:1:1:lbw=0.6:0,0,0,0,0,0,1,1,0.6,1,0,0,0,0,0,0,0>,missionary POV Anal,lying,pov,nsfw ,anal sex,navel, camel Toe,pussy,missionary anal",,,1,1,1,1,0,%汎用拒否%,%汎用拒否ネガ%,暫定で正常位,
eraTW,1067,,対面座位,"pov,straddling, upright straddle,arm support,nsfw,navel,pussy,cowgirlGrab,pov, cowgirl position, vaginal",,%縦長%,1,1,1,1,0,,,暫定で騎乗位,
eraTW,1068,,背面座位,"vaginal sex, ass,from behind,doggystyle,pov crotch,penis in pussy,breasts, nsfw, hetero, navel, nipples, penis, pussy,  sex",,,1,1,1,1,1,,,暫定で後背位,
eraTW,1069,,対面座位アナル,"<lora:missionaryPOVAnal_v10:1:1:lbw=0.6:0,0,0,0,0,0,1,1,0.6,1,0,0,0,0,0,0,0>,missionary POV Anal,lying,pov,nsfw ,anal sex,navel, camel Toe,pussy,missionary anal",,,1,1,1,1,1,,,暫定で正常位,
eraTW,1070,,背面座位アナル,"sfw, girl, 1boy, pov,( penis:1.2), ass, from behind, (back:1.1),<lora:povAnalFromBehind_v2:0.5>,from above",,,1,1,1,1,1,,,暫定で後背位,
eraTW,1071,,二穴挿し,,,,,,,,,,,,
eraTW,1080,,手淫,"nsfw,hetero,hand job ,(hand on penis)",multiple penis,,1,1,1,0,0,%汎用拒否%,%汎用拒否ネガ%,,
eraTW,1081,,フェラチオ,"nsfw,(fellatio,penis) ,pov crotch ,blow job,{|face focus|wide shot},{|side view},{|all fours},{|looking up}",multiple penis,"%縦長%,%正方形%,%横長%",1,1,0,0,0,%汎用拒否%,%汎用拒否ネガ%,,
eraTW,1082,,パイズリ,"nsfw,1girl, 1boy,titsjob,(paizuri),penis on breasts,nipples,pov,pov crotch ,<lora:realisticTitfuck_titfuckRealisticEpoch:1>,titfuck","multiple nipples,multiple penis,pussy,wide shot",%正方形%,1,1,1,0,0,%汎用拒否%,%汎用拒否ネガ%,,
eraTW,1083,,素股,"nsfw,botomless,navel,nude,<lora:povImminentPenetration_ipv1:1:1:lbw=CT>,1girl,1boy,  (pov crotch,penis), (imminent penetration:1.3), spread legs.(Cowgirl)","penis in pussy,inseration,(futanari,futa)",,1,1,1,0,0,%汎用拒否%,%汎用拒否ネガ%,,
eraTW,1084,,泡踊り,"(1girl and 1boy),faceless male,1girl is straddling on naked man lying,(pov stomach),((full of bubbles,foamy)),(((soap,foamy))),(((soap,foamy)))",,,1,1,1,0,0,,,,
eraTW,1085,,足コキ,,,,,,,,,,,,
eraTW,1088,,バキュームフェラ,,,,,,,,,,,,
eraTW,1090,,アナル愛撫される,,,,,,,,,,,,
eraTW,1091,,アナル舐めされる,,,,,,,,,,,,
eraTW,1092,,Ａ正常位される,,,,1,1,1,0,0,,,,逆奉仕、ウフフ系コマンド
eraTW,1093,,Ａ後背位される,,,,1,1,1,0,0,,,,逆奉仕、ウフフ系コマンド
eraTW,1094,,Ａ騎乗位する,,,,1,1,1,0,0,,,,逆奉仕、ウフフ系コマンド
eraTW,1100,,スパンキング,"ass,Girl on all fours with her hips facing away, Spanking,botomless{|slapmark,<lora:conceptSlapMark_v10:1>}",,,1,1,1,1,1,,,Loraの有無はランダム,
eraTW,1101,,鞭,"A girl is being whipped,nude,Birthmarks on the body",,,1,1,1,0,0,,,,
eraTW,1102,,蝋燭,,,,,,,,,,,,
eraTW,1103,,針,Needle stuck in girl's body.,,,1,1,1,0,0,,,,
eraTW,1104,,アイマスク,,,,1,1,1,0,0,,,,ＳＭ系、ハードな調教コマンド
eraTW,1105,,縄,"1girl, bust shot,arms behind back,(collarbone,breasts,nipples)",,,1,1,1,0,0,,,,
eraTW,1106,,ボールギャグ,,,,,,,,,,,,
eraTW,1107,,拘束プレイ,,,,,,,,,,,,
eraTW,1120,,クンニ強制,,,,,,,,,,,,
eraTW,1121,,貝合わせ,,,,1,1,1,0,0,,,,
eraTW,1122,,助手を犯させる,,,,,,,,,,,,
eraTW,1123,,足コキする,,,,,,,,,,,,
eraTW,1124,,手淫する,,,,,,,,,,,,
eraTW,1125,,愛撫させる,,,,,,,,,,,,
eraTW,1126,,乳の揉み合い,,,,,,,,,,,,
eraTW,1130,,正常位される,,,,1,1,1,0,0,,,,
eraTW,1131,,後背位される,,,,,,,,,,,,
eraTW,1132,,対面座位される,,,,,,,,,,,,
eraTW,1133,,背面座位される,,,,,,,,,,,,
eraTW,1140,,イラマチオ,"nsfw,(fellatio ,blow job,penis),<lora:testHeadgrabOr_v10:0.7:1:lbw=CT>,(hgrb),1boy, (head grab:1.4) , hand on another's head,(sanpaku:1.3),surprised,tears,(motion lines:1.2)","multiple penis,(tongue:1.4),chin","%正方形%,%横長%",1,1,0,0,0,%汎用拒否%,%汎用拒否ネガ%,,
eraTW,1141,,フィストファック,,,,1,1,1,0,0,,,,
eraTW,1142,,アナルフィスト,,,,1,1,1,0,0,,,,
eraTW,1143,,両アナフィスト,,,,,,,,,,,,
eraTW,1144,,放尿,,,,,,,,,,,,
eraTW,1145,,アナル奉仕,,,,,,,,,,,,
eraTW,1146,,浣腸,,,,,,,,,,,,
eraTW,1147,,拡張バルーン,,,,1,1,1,0,0,,,,
eraTW,1148,,アナル電極,,,,1,1,1,0,0,,,,
eraTW,1149,,,,,,,,,,,,,,
eraTW,1150,,胸の谷間を犯す,,,,,,,,,,,,
eraTW,1180,,ローション,,,,,,,,,,,,
eraTW,1181,,媚薬,,,,,,,,,,,,
eraTW,1182,,利尿剤,,,,,,,,,,,,
eraTW,1183,,ビデオ撮影,"(FISH-EYE composition:1.3),nude,upper body ,from above,(Recorded girl:1.5),(viewfinder with crosshair and overlay interface ,overlay frame,battery icon,REC text and red circle:1.2),1girl in viewfinder looking at viewer","camera,lens,Photography Equipment,recording studio",,1,1,1,0,0,,,,
eraTW,1184,,野外プレイ,"Woman walking with her hands covering her naked body,standing,wide shot,from head to toe",,,1,1,1,0,0,,,,
eraTW,1185,,助手を犯す,,,,,,,,,,,,
eraTW,1186,,羞恥プレイ,,,,,,,,,,,,
eraTW,1187,,お風呂場プレイ,,,,,,,,,,,,
eraTW,1188,,シャワー,"A girl is taking a shower,(water pouring from a shower head:1.4),standing,in shower room",,,1,1,1,0,0,,,,
eraTW,1189,,新妻プレイ,,,,,,,,,,,,
eraTW,1190,,エプロンを着ける,,,,,,,,,,,,
eraTW,1191,,睡眠薬,,,,,,,,,,,,
eraTW,1300,,会話,,,,,,,,,,,,
eraTW,1301,,お茶を淹れる,,,,,,,,,,,,
eraTW,1302,,スキンシップ,,,,,,,,,,,,
eraTW,1303,,謝る,,,,,,,,,,,,
eraTW,1304,,仕事を手伝う,,,,,,,,,,,,
eraTW,1305,,膝枕してもらう,,,,,,,,,,,,
eraTW,1307,,頬をつまむ,,,,,,,,,,,,
eraTW,1308,,頬をつつく,,,,,,,,,,,,
eraTW,1309,,頭を撫でる,,,,,,,,,,,,
eraTW,1310,,尻を撫でる,,,,,,,,,,,,
eraTW,1311,,抱き付く,,,,,,,,,,,,
eraTW,1312,,キスする,,,,,,,,,,,,
eraTW,1313,,胸愛撫,"nsfw,hetero,breast grab, 1boy, 1girl arms at side,hands,arms,bust shot,nipples,POVBREASTGRAB,POV HANDS,BREAST GRAB,<lora:povBreastGrab_v2:0.8:1:lbw=CT>","male's face,female masturbation,self grabbing",,1,1,1,0,0,,,,
eraTW,1314,,アナル愛撫,"nsfw,Posture of girl on all fours with buttocks protruding,from behind,((ass focus)),botomless",(penis),,1,1,1,1,1,,,,
eraTW,1315,,クリ愛撫,,,,,,,,,,,,
eraTW,1316,,指挿れ,,,,,,,,,,,,
eraTW,1330,,スカートめくり,,,,,,,,,,,,
eraTW,1350,,押し倒す,,,,,,,,,,,,
eraTW,1351,,連れ出す,,,,,,,,,,,,
eraTW,1352,,告白する,,,,,,,,,,,,
eraTW,1353,,イタズラする,,,,,,,,,,,,
eraTW,1354,,添い寝する,,,,,,,,,,,,
eraTW,1360,,身を任せる,,,,,,,,,,,,
eraTW,1361,,抵抗する,,,,,,,,,,,,
eraTW,1362,,逃げる,,,,,,,,,,,,
eraTW,1400,,移動,,,,,,,,,,,,
eraTW,1401,,コレクション,,,,,,,,,,,,
eraTW,1402,,就寝,,,,,,,,,,,,
eraTW,1403,,休憩,,,,,,,,,,,,
eraTW,1405,,出掛ける,,,,,,,,,,,,
eraTW,1410,,掃除,,,,,,,,,,,,
eraTW,1411,,戦闘訓練,,,,,,,,,,,,
eraTW,1412,,勉強,,,,,,,,,,,,
eraTW,1413,,料理,,,,,,,,,,,,
eraTW,1414,,食事,,,,,,,,,,,,
eraTW,1415,,食事をふるまう,,,,,,,,,,,,
eraTW,1416,,演奏する,,,,,,,,,,,,
eraTW,1420,,る～ことと話す,,,,,,,,,,,,
eraTW,1427,,天候操作,,,,,,,,,,,,
eraTW,1428,,小槌を使う,,,,,,,,,,,,
eraTW,1460,,妄想オナニー,,,,,,,,,,,,
eraTW,1461,,我に返る,,,,,,,,,,,,
eraTW,1501,,シックスナイン,"nsfw,(fellatio,penis) ,pov crotch ,blow job,{|face focus|wide shot},{|side view},{|all fours},{|looking up}",multiple penis,"%縦長%,%正方形%,%横長%",1,1,0,0,0,,,暫定でフェラ,
eraTW,1502,,岩清水,,,,1,1,1,0,0,,,,
eraTW,1503,,Ｇスポット刺激,,,,,,,,,,,,
eraTW,1504,,乱れ牡丹,,,,,,,,,,,,
eraTW,1505,,手淫フェラ,,,,,,,,,,,,
eraTW,1506,,挿入Ｇスポット責め,"<lora:povWaistGrabConcept_v09:0.3:1:lbw=CT>,navel,pussy,(missionGrab,vaginal sex,missionaly,pov)",,%縦長%,1,1,1,0,0,,,,
eraTW,1507,,挿入子宮口責め,"<lora:fuckedSillyFromBehind_v10:0.8>,(fucked silly, sex from behind, 1boy)",,%横長%,1,1,1,0,0,,,,
eraTW,1508,,６９パイズリ,,,,1,1,1,0,0,,,,派生コマンド
eraTW,1509,,ダブルフェラ,,,,,,,,,,,,
eraTW,1510,,ダブル素股,,,,,,,,,,,,
eraTW,1511,,ダブルパイズリ,,,,,,,,,,,,
eraTW,1512,,パイズリフェラ,"nsfw,1girl, 1boy,titsjob,(paizuri),penis on breasts,nipples,pov,pov crotch ,<lora:realisticTitfuck_titfuckRealisticEpoch:1>,titfuck,fellatio,licking","multiple nipples,multiple penis,pussy,wide shot",%正方形%,1,1,1,0,0,%汎用拒否%,%汎用拒否ネガ%,,
eraTW,1513,,交互挿入,,,,,,,,,,,,
eraTW,1514,,Ｓ状結腸責め,,,,,,,,,,,,
eraTW,1515,,膣裏責め,,,,,,,,,,,,
eraTW,1560,,耳かき,,,,,,,,,,,,
eraTW,1561,,抱きまくら,,,,,,,,,,,,
eraTW,1562,,デコちゅー,,,,,,,,,,,,
eraTW,1563,,もっとキスする,,,,,,,,,,,,
eraTW,1580,,手を引く,,,,,,,,,,,,
eraTW,1603,,手を繋ぐ,,,,,,,,,,,,
eraTW,1604,,散策する,,,,,,,,,,,,
eraTW,1605,,寄り道する,,,,,,,,,,,,
eraTW,1610,,食事に誘う（\2000消費）,,,,,,,,,,,,
eraTW,1611,,買い物する,,,,,,,,,,,,
eraTW,1612,,プレゼント,,,,,,,,,,,,
eraTW,1613,,お金稼ぎする,,,,,,,,,,,,
eraTW,1619,,酒屋,,,,,,,,,,,,
eraTW,1700,,愛撫(慰),,,,,,,,,,,,
eraTW,1701,,クンニ(慰),,,,,,,,,,,,
eraTW,1702,,セルフフェラ(慰),,,,,,,,,,,,
eraTW,1703,,指挿れ(慰),,,,,,,,,,,,
eraTW,1704,,アナル舐め(慰),,,,,,,,,,,,
eraTW,1705,,アナル愛撫(慰),,,,,,,,,,,,
eraTW,1706,,胸愛撫(慰),,,,,,,,,,,,
eraTW,1707,,乳首責め(慰),,,,,,,,,,,,
eraTW,1708,,秘貝開帳(慰),"nsfw,(cute girl lying pleasuring herself),(woman masturbation),navel,(She teases her vagina with her hand),spread legs",,,1,1,1,0,0,%汎用拒否%,%汎用拒否ネガ%,,
eraTW,1709,,手淫(慰),,,,,,,,,,,,
eraTW,1712,,胸揉み(慰),,,,,,,,,,,,
eraTW,1713,,アナル開帳(慰),,,,,,,,,,,,
eraTW,1740,,ローター,"nsfw,nude,lying,motion lines,navel,(trembling effect motion lines:1.0),(vibration:1.0),(motion blur:1.0), (vibrator on Lower abdomen:1.3),from below,pussy","(penis),open pussy",,1,1,1,0,0,,,実際insert率は低め,
eraTW,1741,,Ｅマッサージャ,"nsfw,nude,(sex toys:1.5),upper body ,lying,bust shot,motion lines,navel,Feels good sexually,(trembling effect motion lines:1.2),(vibration:1.2),(motion blur:1.2)",(penis),,1,1,1,0,0,,,下半身はすぐ挿入したがるので写らないように誤魔化す,
eraTW,1742,,クリキャップ,,,,,,,,,,,,
eraTW,1743,,オナホール,,,,,,,,,,,,
eraTW,1744,,バイブ,"no panties,lower body focus,spread legs","(penis),open pussy",,1,1,1,1,1,,,,
eraTW,1745,,アナルバイブ,"1girl all fours, looking back, no panties, from behind",,,1,1,1,1,1,,,,
eraTW,1746,,アナルビーズ,"<lora:analBeads_v10:0.7:1:lbw=0,0,0,0,0,0,1,1,1,1,0,0,0,0,0,0,0>1girl all fours,(anarubizu:1.4), (sex toy), looking back, uncensored, no panties, from behind",,%横長%,1,1,1,0,0,,,,
eraTW,1747,,ニプルキャップ,,,,1,1,1,0,0,,,,
eraTW,1748,,搾乳機,,,,,,,,,,,,
eraTW,4001,,距離が近い,,,,,,,,,,,,カウンター行動
eraTW,4002,,チラ見,,,,,,,,,,,,カウンター行動
eraTW,4003,,おはなし,,,,,,,,,,,,カウンター行動
eraTW,4004,,いい匂い,,,,,,,,,,,,カウンター行動
eraTW,4009,,中出し後,,,,,,,,,,,,カウンター行動
eraTW,4011,,近寄ってくる,,,,,,,,,,,,カウンター行動
eraTW,4012,,笑顔を浮かべる,,,,,,,,,,,,カウンター行動
eraTW,4013,,構って欲しがる,,,,,,,,,,,,カウンター行動
eraTW,4014,,身をすり寄せる,,,,,,,,,,,,カウンター行動
eraTW,4015,,見つめてくる,,,,,,,,,,,,カウンター行動
eraTW,4016,,肩にあご乗せ,,,,,,,,,,,,カウンター行動
eraTW,4017,,差し入れ,,,,,,,,,,,,カウンター行動
eraTW,4020,,色っぽい仕草,,,,,,,,,,,,カウンター行動
eraTW,4021,,見つめる,,,,,,,,,,,,カウンター行動
eraTW,4022,,体を摺り寄せる,,,,,,,,,,,,カウンター行動
eraTW,4023,,スカートを捲る,,,,,,,,,,,,カウンター行動
eraTW,4024,,耳元に息を吹きかける,,,,,,,,,,,,カウンター行動
eraTW,4025,,尻を撫でる,,,,,,,,,,,,カウンター行動
eraTW,4026,,腕に抱き付き,,,,,,,,,,,,カウンター行動
eraTW,4027,,谷間を見せる,,,,,,,,,,,,カウンター行動
eraTW,4028,,尻ズリ,,,,,,,,,,,,カウンター行動
eraTW,4030,,キス,,,,,,,,,,,,カウンター行動
eraTW,4031,,後ろから抱きつく,,,,,,,,,,,,カウンター行動
eraTW,4032,,前から抱きつく,,,,,,,,,,,,カウンター行動
eraTW,4033,,胸を揉ませる,,,,,,,,,,,,カウンター行動
eraTW,4034,,股間をまさぐる,,,,,,,,,,,,カウンター行動
eraTW,4035,,スカートの中を見せる,,,,,,,,,,,,カウンター行動
eraTW,4036,,後ろから胸もみもみ,,,,,,,,,,,,カウンター行動
eraTW,4039,,飴強奪,,,,,,,,,,,,カウンター行動
eraTW,4041,,正常位Ｖおねだり,,,,,,,,,,,,カウンター行動
eraTW,4043,,後背位Ｖおねだり,,,,,,,,,,,,カウンター行動
eraTW,4044,,後背位Ａおねだり,,,,,,,,,,,,カウンター行動
eraTW,4050,,手淫,"nsfw,hetero,hand job ,(hand on penis)",multiple penis,,1,1,1,0,0,%汎用拒否%,%汎用拒否ネガ%,,カウンター行動
eraTW,4051,,フェラチオ、クンニ,,,,,,,,,,,,カウンター行動
eraTW,4052,,素股、貝合わせ,,,,,,,,,,,,カウンター行動
eraTW,4053,,パイズリ,"nsfw,1girl, 1boy,titsjob,(paizuri),penis on breasts,nipples,pov,pov crotch ,<lora:realisticTitfuck_titfuckRealisticEpoch:1>,titfuck","multiple nipples,multiple penis,pussy,wide shot",%正方形%,1,1,1,0,0,%汎用拒否%,%汎用拒否ネガ%,,カウンター行動
eraTW,4054,,足コキ,,,,,,,,,,,,カウンター行動
eraTW,4055,,アナル愛撫,"nsfw,Posture of girl on all fours with buttocks protruding,from behind,((ass focus)),botomless",(penis),,1,1,1,1,1,,,,カウンター行動
eraTW,4056,,アナル舐め,"nsfw,Posture of girl on all fours with buttocks protruding,from behind,((ass focus)),botomless",(penis),,1,1,1,1,1,,,,カウンター行動
eraTW,4057,,指挿入,,,,,,,,,,,,カウンター行動
eraTW,4058,,胸愛撫,"nsfw,hetero,breast grab, 1boy, 1girl arms at side,hands,arms,bust shot,nipples,POVBREASTGRAB,POV HANDS,BREAST GRAB,<lora:povBreastGrab_v2:0.8:1:lbw=CT>","male's face,female masturbation,self grabbing",,1,1,1,0,0,,,,カウンター行動
eraTW,4059,,乳首吸い,,,,,,,,,,,,カウンター行動
eraTW,4060,,ディープキス,,,,,,,,,,,,カウンター行動
eraTW,4070,,クンニ強制,,,,,,,,,,,,カウンター行動
eraTW,4071,,フェラチオ強制,,,,,,,,,,,,カウンター行動
eraTW,4072,,アナル奉仕,,,,,,,,,,,,カウンター行動
eraTW,4073,,ぱふぱふ,"pov,from below,nsfw,(close up chest:1.2),(chest focus:1.2),bared breasts,nipples,stomach,(upper body),1girl looking down",(lower body),,1,1,1,0,0,,,,カウンター行動
eraTW,4074,,乳合わせ,,,,,,,,,,,,カウンター行動
eraTW,4075,,タワシ洗い,"(1girl and 1boy),faceless male,1girl is straddling on naked man lying,(pov stomach),((full of bubbles,foamy)),(((soap,foamy))),(((soap,foamy)))",,,1,1,1,0,0,,,,カウンター行動
eraTW,4076,,強制アソコ愛撫,,,,,,,,,,,,カウンター行動
eraTW,4077,,乳を吸わせる,,,,,,,,,,,,カウンター行動
eraTW,4078,,尻ズリ,,,,,,,,,,,,カウンター行動
eraTW,4080,,正常位される,,,,,,,,,,,,カウンター行動
eraTW,4083,,後背位される,,,,,,,,,,,,カウンター行動
eraTW,4084,,腰振りＶ受け,,,,,,,,,,,,カウンター行動
eraTW,4085,,騎乗位,"pov,straddling, upright straddle,arm support,nsfw,navel,pussy,cowgirlGrab,pov, cowgirl position, vaginal",,,1,1,1,1,0,%汎用拒否%,%汎用拒否ネガ%,,カウンター行動
eraTW,4086,,だいしゅきホールド,,,,,,,,,,,,カウンター行動
eraTW,4087,,騎乗位Ａ,"<lora:missionaryPOVAnal_v10:1:1:lbw=0.6:0,0,0,0,0,0,1,1,0.6,1,0,0,0,0,0,0,0>,missionary POV Anal,lying,pov,nsfw ,anal sex,navel, camel Toe,pussy,missionary anal",,,1,1,1,1,0,%汎用拒否%,%汎用拒否ネガ%,暫定で正常位,カウンター行動
eraTW,4088,,腰振りＶ,,,,,,,,,,,,カウンター行動
eraTW,4089,,腰振りＡ,,,,,,,,,,,,カウンター行動
eraTW,4090,,後背位Ａ挿入される,,,,,,,,,,,,カウンター行動
eraTW,4091,,イラマチオされる,,,,,,,,,,,,カウンター行動
eraTW,4093,,腰振り逆Ａ,,,,,,,,,,,,カウンター行動
eraTW,4094,,正常位Ａ挿入される,,,,,,,,,,,,カウンター行動
eraTW,4120,,頭撫で,,,,,,,,,,,,カウンター行動
eraTW,4121,,髪梳き,,,,,,,,,,,,カウンター行動
eraTW,4122,,抱きつき,,,,,,,,,,,,カウンター行動
eraTW,4123,,抱きしめ,,,,,,,,,,,,カウンター行動
eraTW,4124,,頬撫で,,,,,,,,,,,,カウンター行動
eraTW,4125,,くすぐり,,,,,,,,,,,,カウンター行動
eraTW,4126,,膝枕させる,,,,,,,,,,,,カウンター行動
eraTW,4127,,匂いを嗅ぐ,,,,,,,,,,,,カウンター行動
eraTW,4128,,話しかける,,,,,,,,,,,,カウンター行動
eraTW,4129,,首筋舐め,"pov,from behind,1girl,(looking back),face focus,(bust shot),(nape:1.4),(close up:1.2),shoulder","(lower body:1.4),(lower back,ass,buttocks,butt,thigh:1.4",,1,1,1,0,0,,,,カウンター行動
eraTW,4141,,キャラ固有1,,,,,,,,,,,,カウンター行動
eraTW,4142,,キャラ固有2,,,,,,,,,,,,カウンター行動
eraTW,4143,,キャラ固有3,,,,,,,,,,,,カウンター行動
eraTW,4144,,キャラ固有4,,,,,,,,,,,,カウンター行動
eraTW,4145,,キャラ固有5,,,,,,,,,,,,カウンター行動
,55X,,触手服,,,,1,1,1,0,0,,,(構想中/触手エプロンって名前もあり？),紳士的な触手系コマンド
